type,name,label::English (en),hint::English (en),required,appearance,constraint_message,relevant,constraint,body::accept,guidance_hint
start,start,,,,,,,,,
end,end,,,,,,,,,
username,username,,,,,,,,,
begin_group,section1,Section 1: Assessor and Country information,,false,,,,,,
text,email_assessor,Email address of assessor,,true,,,,,,
text,name_assessor,Name of assessor,,true,,,,,,
select_one cn6yv78,country_assessment,Country of assessment,"Please list the country for this specific assessment. Remember assessments are done for populations WITHIN the country of assessment, instead of the entire range of the species.",true,autocomplete,,,,,
end_group,,,,,,,,,,
begin_group,section2,Section 2: Species Taxonomy,,false,,,,,,
text,genus,Genus,,true,,,,,,
text,species,Species,"Only type the epithet, e.g. ""sapiens"" instead of ""Homo sapiens"". Do NOT include Taxonomic Authority or year of description. That will be provided below.",true,,"Only type the epithet, e.g. ""sapiens"" instead of ""Homo sapiens""",,,,
note,note_species,"While assessm ents are intended to be conducted at the species level, it is recognized that there are revisions of taxonomy, and what may be considered a subspecies or variety by some experts, may be considered a species by others. Also, distinctions at infraspecies levels may be of special importance for some taxa, like some crop wild relatives. Assessors may thus include subspecies or variety if the entity is an important unit for that country (e.g., it has separate management reports, protection level or Red List status or a wild relative of a crop).\_  See [Guidelines for the definition of subspecies, and issues of taxonomy](https://ccgenetics.github.io/guidelines-genetic-diversity-indicators/docs/4\_Species\_list/Species\_list.html#on-the-definition-of-subspecies-and-issues-of-taxonomy)",,false,,,,,,
text,subspecies_variety,Subspecies or Variety,Only type the infraspecific epithet. Leave blank if the assessment is not being done below the species level.,false,,,,,,
text,scientific_authority,Taxonomic Authority,"Please include the Taxonomic Authority and year for the species (or subspecies/variety) being assessed. E.g., For Mellivora capensis, type (Schreber, 1776). If Unknown, please leave blank.",false,,,,,,
text,common_name,Common name,"Please provide the most widely used common name for the species, followed by the language in brackets. For example, the common names for Taxus baccata are Common yew in English and If commun in French. If more than one widely used common name exists, please separate them with a semicolon. E.g. Common yew (EN); If commun (FR).",true,,,,,,
select_one ez3tz03,taxonomic_group,Taxonomic Group,,true,,,,,,
text,Taxonomic_Order,Taxonomic Order,"Please correctly type the Order this species belongs to, to assist with additional comparisons within a given taxonomic group.",true,,,,,,
note,note_taxonID,"Taxon IDs can help form linkages between the different data sources, which may prove useful in downstream analyses or future projects. GBIF often provides several of these IDs known for the species at the bottom of the species page. If no IDs are available, please leave these questions blank.",,false,,,,,,
text,GBIF_taxonID,"If available, add the GBIF taxonID for this species","e.g. 2684495 for Juniperus blancoi as shown here https://www.gbif.org/species/2684495 (scroll down to the end ""Taxon identifiers"" section.",false,,,,,,
text,NCBI_taxonID,"If available, add the NCBI taxonID for this species",e.g. 698470 for Juniperus blancoi as shown here https://www.ncbi.nlm.nih.gov/search/all/?term=juniperus%20blancoi,false,,,,,,
text,national_taxonID,"If available, add the taxonID for this species from any information system or local database in the country of assessment.",,false,,,,,,
text,source_national_taxonID,What's the name of the information system/local data base for the National taxonID you added before?,,false,,,${national_taxonID} != '',,,
end_group,,,,,,,,,,
begin_group,section3,Section 3: Proportion of maintained populations (PM indicator),,false,,,,,,
note,section3_note,"**This section will directly help in quantifying the PM indicator, and will inform the section on Indicator 1 by stipulating the number of populations you will be asked to complete with respect to population name and size. For questions regarding [the reference period, please check the guidelines](https://ccgenetics.github.io/guidelines-genetic-diversity-indicators/docs/3\_Howto\_guides\_examples/Reference\_period.html)**",,false,,,,,,
note,note_pops1,The following questions are asking about the number of EXTINCT and EXTANT populations known within the country.,,false,,,,,,
note,note_pops2,"Please consult the [Gudelines on how populations can be defined](https://ccgenetics.github.io/guidelines-genetic-diversity-indicators/docs/3\_Howto\_guides\_examples/Howto\_define\_populations.html). Examples for each method are provided. In there, you will also find information on metapopulations and how to quantify recently fragmented populations. If you are still uncertain, please pose your question on the [Google group](https://groups.google.com/g/genetic-indicators-project).",,false,,,,,,
note,note_pops3,**Extinct** populations refer to the total number of known losses of historic populations in the country. Any population whose original gene pool in that location has disappeared entirely should be considered extinct. See the [guidelines for advice on how to find information on extinct populations](https://ccgenetics.github.io/guidelines-genetic-diversity-indicators/docs/3\_Howto\_guides\_examples/Extinct\_extant\_populations.html),,false,,,,,,
integer,n_extinct_populations,Number of EXTINCT (lost) populations within the country of assessment,"An integer count (e.g., 1, 2) must be reported. Type -999 if unknown",true,,The number of extinct populations has to be >=0 or -999 if unknown,,. = -999 or . >= 0,,
note,Did_you_mean_999,Did you mean -999 (unknown number of lost populations) instead of 999 in the previous question? Please change to -999,,false,,,${n_extinct_populations} = 999,,,
integer,n_unassessed_populations,Are there any un-assessed populations within the country? (e.g. populations that we don't know if they are still there because we can't visit them). How many?,,false,,,,,,
text,extinct_pop_names,"Type the name or region of the extinct populations, separated by a semicolon ("";"")",,false,,,${n_extinct_populations} > 0,,,
note,note_npops,**IMPORTANT**: the number of populations entered in the next question will influence how many specific population sections appear in Section 5.,,false,,,,,,
integer,n_extant_populations,Number of EXTANT (still existing) populations within the country of assessment,"An integer count (e.g., 1, 2) must be reported. Type -999 if unknown",true,,The number of extant populations has to be >=0 or -999 if unknown,,. = -999 or . >= 0,,
note,Did_you_mean_999_001,Did you mean -999 (unknown number of populations) instead of 999 in the previous question? Please change to -999,,false,,,${n_extant_populations} = 999,,,
text,time_populations,What year or time period is this population structure based on?,"I.e., the year of the report or database, or year of knowledge from local experts. Please only enter a single year or range of YYYY-YYYY",true,,,${n_extinct_populations} != -1,,,
select_multiple sy8fe44,defined_populations,"Broadly, which of the following categories better defines how populations are defined for this species? See [guidelines](https://ccgenetics.github.io/guidelines-genetic-diversity-indicators/docs/3\_Howto\_guides\_examples/Howto\_define\_populations.html) for definitions and examples of each method. Note than more than one can be selected, if methods were combined.",,true,,,,,,
text,source_definition_populations,Please provide a brief but clear explanation (method) on how populations were defined. See examples (figue legends) in the [How to define populations section of the guidelines](https://ccgenetics.github.io/guidelines-genetic-diversity-indicators/docs/3\_Howto\_guides\_examples/Howto\_define\_populations.html),"For example if a buffer zone among occurrence points was used, specify the source of the occurrence points and the size of the buffer: or if geographic layers (e.g. basins, biogeographic regions, etc) were used to crop the distribution range, please explain how was this done: or if it was based on expert consultation, please explain how (e.g. workshop, interview) and provide name of expert(s).",false,multiline,,,,,
file,map_populations,"If a map illustrating the extant populations exists, please upload it here, ensuring that each population is clearly marked. If only partial information on populations is available, it is highly recommended that assessors denote this information on the map(s) by indicating which populations are being assessed.","A multipage document (eg pdf) can be included to ""zoom in"" into different populations, if required. Accepted files: pdf, png, jpg. Please be reasonable with file size.",false,,,,,""".pdf,.png,.jpg,.docx""",
text,source_populations,"Source of species population information (literature reference, website link, expert consultation)","Please list all relevant sources used in acquiring the species information separated by a semicolon (;). It is advised that all referenced documents are saved to a species specific folder in your personal records in case further consultation is required. If information was based on expert consultation, please provide name of expert(s).",true,multiline,,,,,
select_one xo5ha15,diff_historical_pop,Do the number of HISTORICAL populations differ than what is currently EXTANT?,,false,,,,,,
integer,n_hist_pops,"If yes, how many existed historically?","An integer count (e.g., 1, 2) must be reported. ",false,,,${diff_historical_pop} = 'yes',,,
end_group,,,,,,,,,,
begin_group,section4,Section 4: Preface to the Ne 500 indicator,,false,,,,,,
note,note_section4,"**These next questions will help quantify what population size data exists for populations of the species, and in doing so filter out unnecessary questions in Section 5. See guidelines for advice on [How to estimate population sizes (Nc or Ne)](https://ccgenetics.github.io/guidelines-genetic-diversity-indicators/docs/3\_Howto\_guides\_examples/Populations\_sizes.html) **",,false,,,,,,
note,note_section4b,"In the following question ‘ANY DATA’ not only refers to quantitative data, but also qualitative and approximate/ imprecise data, or even an ability to confidently say the population is < Nc 5000. All data on population size can be useful and interpretable, even if only available for some populations.",,false,,,,,,
select_one pu5zg43,popsize_data,"Is there any data on population sizes (e.g. Ne, Nc) for at least ONE POPULATION for this species?",,true,,,,,,
select_one kv5nv31,ne_pops_exists,Effective Size - Are there effective size estimates (Ne) from genetic data for at least one of the extant populations?,See guidelines for [definition of Ne and how to obtain it](https://ccgenetics.github.io/guidelines-genetic-diversity-indicators/docs/3\_Howto\_guides\_examples/Populations\_sizes.html#how-to-get-ne-from-genetic-studies),true,,,${popsize_data} = 'yes',,,
select_one pd3az16,nc_pops_exists,Census Size - Are there census size estimates (Nc) for at least one of the extant populations?,See guidelines for [definition of Nc and how to obtain it](https://ccgenetics.github.io/guidelines-genetic-diversity-indicators/docs/3\_Howto\_guides\_examples/Populations\_sizes.html#how-to-get-the-nc),true,,,${popsize_data} = 'yes',,,
select_one ih84p17,ratio_exists,Is there a known effective population size to census size (Ne/Nc) ratio for this species or a highly similar/closely [related species](https://ccgenetics.github.io/guidelines-genetic-diversity-indicators/docs/7\_Glossary/Glossary.html#closely-related-species) (e.g. within the same genus and having the same life history traits)?,See [guidelines on How to get the Ne/Nc ratio](https://ccgenetics.github.io/guidelines-genetic-diversity-indicators/docs/3\_Howto\_guides\_examples/Ne\_Nc-ratio.html),true,,,${nc_pops_exists} = 'yes',,,
text,species_related,What closely related/highly similar species is the ratio based on?,Please write the scientific name.,false,,,${ratio_exists} = 'yes_similarsp',,,
text,ratio_species_related,"If yes (at the species level), please provide the ratio.","Use decimals (""."") instead of ""/"". NOTE: A single value per species is recommended; however, if there is some uncertainty in this ratio, a range may be provided.",false,,,${ratio_exists} = 'yes_species' or ${ratio_exists} = 'yes_similarsp',,,
text,ratio_year,"In what year was the ratio established (sampling, not publication)?",,true,text,,${ratio_exists} = 'yes_species',,,
text,source_popsize_ratios,"Source of ratio data (literature reference, website link, expert consultation)","Please list all relevant sources used in determining the conversion ratio and provide further information if needed. If it was based on expert consultation, please provide name of expert(s).",false,multiline,,${ratio_exists} = 'yes_species' or ${ratio_exists} = 'yes_similarsp',,,
text,species_comments,Any additional comments or notes regarding the information that has been provided above.,,false,,,,,,
end_group,,,,,,,,,,
begin_group,section5,Section 5: Population size data for the proportion of populations with an affective population size > 500 (Ne 500 indicator),Please provide additional information for each population,false,,,${popsize_data} = 'yes',,,
note,section5_note,"Questions in this section are directly associated with calculating the Ne 500 indicator. This section will only appear if you stated that there is Nc or Ne data for at least one population.   Also the number of populations you will be required to answer questions is directly related to the number of EXTANT  populations that were entered in Section 3. Data for no more than 25 populations can be entered in the kobo form, but more can be added in the [text template](https://ccgenetics.github.io/guidelines-genetic-diversity-indicators/docs/6\_Calculations\_and\_reporting/R\_scripts.html#getting-the-population-data-if-the-template-was-used)",,false,,,,,,
select_one ux2pk76,kobo_tabular,"If you have a large number of populations, would you prefer to enter them individually in the Kobo Form OR upload a spreadsheet with the required information?",Only choose the upload option if you have a large number of populations.  The template provided in the Kobo Manual MUST be used.,true,,,${n_extant_populations} > 25,,,
file,pop_tabular_file,Please upload the .txt file following the template you can find [HERE](https://github.com/AliciaMstt/GeneticIndicators?tab=readme-ov-file#22-population-information-template),"in the file name, please follow this format: country\_speciesname\_assesorname.txt Make sure to save as ""tab delimited""",true,,,${kobo_tabular} = 'tabular',,""".txt""",
begin_group,pop1,Population 1,,false,,,(${kobo_tabular} = 'kobo' and ${kobo_tabular} != 'tabular') or ${kobo_tabular} = '' and ${n_extant_populations} >= 1,,,
text,Name_pop1,Population 1 name,"If a name has not been assigned to this population in literature, please provide your own unique name here.",true,,,${n_extant_populations} >= 1,,,
select_one vw6md17,Origin_pop1,What is the origin of population 1? See definitions [HERE](https://ccgenetics.github.io/guidelines-genetic-diversity-indicators/docs/7\_Glossary/Glossary.html#origin--of-population),"You can provide details in the comments section for this population, if needed.",false,,,${n_extant_populations} >= 1,,,
text,IntroductionYear_pop1,"When was the population translocated (introduced, re-introduced or supplemented)?",,false,,,${Origin_pop1} = 'introduced' or ${Origin_pop1} = 'reintroduced' or ${Origin_pop1} = 'supplemented',,,
decimal,Ne_pop1,What is the effective population size (Ne) for population 1? (POINT ESTIMATE),"If you have a confidence interval include it in next questions. If Ne is not known for this population, type -999",true,,"the Ne can't be negative, and only -999 is accepted if the Ne is not avilable (NA)",${ne_pops_exists} = 'ne_available',. = -999 or . > 0,,
decimal,NeLower_pop1,"If available, which is the lower limit of the Ne confidence interval for population 1?","If not available, type -999",false,,Ne lower bound can't be negative and has to be lower than Ne. Only -999 is accepted if this value is unknown (NA),${Ne_pop1} != -999 and ${Ne_pop1} != '',(. = -999  or . > 0) and . <= ${Ne_pop1},,
note,Did_you_mean_999_2,Did you mean -999 instead of 999? please change to **-999**,,false,,,${NeLower_pop1} = 999,,,
decimal,NeUpper_pop1,"If available, which is the upper limit of the Ne confidence interval for population 1?","If not available, type -999. If infinite, type 999 999 999",false,,Ne upper bound can't be negative and has to be larger than Ne. Only -999 is accepted if this value is unknown (NA),${Ne_pop1} != -999 and ${Ne_pop1} != '',(. = -999 or . > 0) and (. = -999 or . >= ${Ne_pop1} ),,"If the Ne estimate is infinity please use ""999,999,999"" (make sure you use 9 times the number 9)."
note,Did_you_mean_999_2_001,Did you mean -999 instead of 999? please change to **-999**,,false,,,${NeUpper_pop1} = 999,,,
text,NeYear_pop1,In what year was the data used to estimate Ne collected for population 1?,"Please state the year when the sampling was done, not when it was published.",true,,,${Ne_pop1} != '',,,
select_one dp0ro30,GeneticMarkers_pop1,What genetic markers were used to estimate Ne for THIS population? See definitions [HERE](https://ccgenetics.github.io/guidelines-genetic-diversity-indicators/docs/7\_Glossary/Glossary.html#genetic-markers),,true,,,${Ne_pop1} != '',,,
text,GeneticMarkersOther_pop1,"If 'Other', please explain.",,false,,,${GeneticMarkers_pop1} = 'other',,,
select_one ry7lu40,MethodNe_pop1,What method was used in calculating Ne for THIS population?,,true,,,${Ne_pop1} != '',,,
text,SourceNe_pop1,Please list all relevant sources reporting on effective population size for THIS population,Please separate each source using a semicolon (;).,true,multiline,,${Ne_pop1} != '',,,
select_one tw2mv60,transboundary_pop1,Is THIS population part of a transboundary population?,"Transboundary refers to its existence in one or more countries, moving across oceans, being migratory, etc.",false,,,${n_extant_populations} >= 1 and ${nc_pops_exists} = 'yes',,,
integer,percent_pop1,What percentage of THIS population is in South Africa?,Please record a number between 0-100 (use whole numbers). Enter -999 if the percentage is unknown and cannot be estimated.,false,,,${transboundary_pop1} = 'yes_transboundary',,,
select_one wt5id91,whole_or_part_pop1,"Is the census size estimated for the population as a whole (i.e., across all transboundary countries) or only for the portion within South Africa?",,false,,,${transboundary_pop1} = 'yes_transboundary',,,
select_one uz6tk65,NcType_pop1,Is the census population size (Nc) available as a range or point estimate? See [guidelines for details](https://ccgenetics.github.io/guidelines-genetic-diversity-indicators/docs/3\_Howto\_guides\_examples/Populations\_sizes.html#how-to-get-the-nc),,true,,,${nc_pops_exists} = 'yes',,,
text,NcYear_pop1,In what year was the Nc estimated for population 1?,"Please state the year when the sampling was done, not when it was published",false,,,${NcType_pop1} = 'Nc_range' or ${NcType_pop1} = 'Nc_point',,,
select_one ed5dt93,NcMethod_pop1,How was Nc calculated in THIS population?,,true,,,,,,
select_one gn04r19,NcRange_pop1,Whats the range of the Nc for population 1?,,true,,,${NcType_pop1} = 'Nc_range',,,
text,NcRangeDetails_pop1,If a more detailed range is available please enter it here.,,false,,,${NcRange_pop1} != '' or ${NcType_pop1} = 'Nc_range',,,
integer,NcPoint_pop1,"If known, what is the census population size (Nc) for population 1? (POINT ESTIMATE)",If you have a confidence interval include it in next questions.,true,,"the Nc can't be negative, and only -999 is accepted if the Nc is not avilable (NA)",${NcType_pop1} = 'Nc_point',. = -999 or . > 0,,
decimal,NcLower_pop1,"If available, which is the LOWER limit of the Nc confidence interval for population 1?","This should be the lower value of the 95% Confidence Interval. If that is unavailable, leave this question blank and please record the confidence interval used (e.g. 90%) in the 'ANY ADDITIONAL COMMENTS OR NOTES' question at the end of the Section.",false,,the lower Nc limit can't be negative and has to be lower than the Nc. Only -999 is accepted if this value is unknown (NA),${NcPoint_pop1} != '',(. = -999 or . > 0) and . < ${NcPoint_pop1},,
decimal,NcUpper_pop1,"If available, which is the UPPER limit of the Nc confidence interval for population 1?","This should be the upper value of the 95% Confidence Interval. If that is unavailable, please record the confidence interval used (e.g. 90%) in the 'ANY ADDITIONAL COMMENTS OR NOTES' question at the end of the Section.",false,,the upper Nc limit can't be negative and has to be larger than the Nc. Only -999 is accepted if this value is unknown (NA),${NcPoint_pop1} != '',(. = -999 or. > 0) and (. = -999 or . > ${NcPoint_pop1}),,
text,SourceNc_pop1,"Please list all relevant sources of census size information (literature reference, website link, expert consultation) for THIS population",Please separate sources using a semicolon (;),true,multiline,,${nc_pops_exists} = 'yes' and ${NcType_pop1} != 'unknown',,,
text,Comments_pop1,Any additional comments or notes regarding the information that has been provided or why it could not be for population 1?,,false,,,${n_extant_populations} >= 1,,,
end_group,,,,,,,,,,
note,note_popsrepeated,The same questions asked for Population 1 would be asked for as many currently existing populations you stated in Section 3 Question Number of extant populations within the country of assessment,,false,,,,,,
begin_group,pop2,Population 2,,false,,,(${kobo_tabular} = 'kobo' and ${kobo_tabular} != 'tabular') or ${kobo_tabular} = '' and ${n_extant_populations} >= 2,,,
text,Name_pop2,Population 2 name,"If a name has not been assigned to this population in literature, please provide your own unique name here.",true,,,${n_extant_populations} >= 2,,,
select_one vw6md17,Origin_pop2,What is the origin of population 2?,"You can provide details in the comments section for this population, if needed.",false,,,${n_extant_populations} >= 2,,,
text,IntroductionYear_pop2,"When was the population introduced, translocated, re-introduced or re-inforced?",,false,,,${Origin_pop2} = 'introduced' or ${Origin_pop2} = 'reintroduced' or ${Origin_pop2} = 'supplemented',,,
decimal,Ne_pop2,What is the effective population size (Ne) for population 2? (POINT ESTIMATE),"If you have a confidence interval include it in next questions. If Ne is not known for this population, type -999",true,,"the Ne can't be negative, and only -999 is accepted if the Ne is not avilable (NA)",${ne_pops_exists} = 'ne_available',. = -999 or . > 0,,
decimal,NeLower_pop2,"If available, which is the lower limit of the Ne confidence interval for population 2?","If not available, type -999",false,,Ne lower bound can't be negative and has to be lower than Ne. Only -999 is accepted if this value is unknown (NA),${Ne_pop2} != -999 and ${Ne_pop2} != '',(. = -999  or . > 0) and . <= ${Ne_pop2},,
decimal,NeUpper_pop2,"If available, which is the upper limit of the Ne confidence interval for population 2?","If not available, type -999. If infinite, type 999 999 999",false,,Ne upper bound can't be negative and has to be larger than Ne. Only -999 is accepted if this value is unknown (NA),${Ne_pop2} != -999 and ${Ne_pop2} != '',(. = -999 or . > 0) and (. = -999 or . >= ${Ne_pop2} ),,"If the Ne estimate is infinity please use ""999,999,999"" (make sure you use 9 times the number 9)."
text,NeYear_pop2,In what year was the data used to estimate Ne collected for population 2?,"Please state the year when the sampling was done, not when it was published.",true,,,${Ne_pop2} != -999 and ${Ne_pop2} != '',,,
select_one dp0ro30,GeneticMarkers_pop2,What genetic markers were used to estimate Ne for THIS population?,,true,,,${Ne_pop2} != -999 and ${Ne_pop2} != '',,,
text,GeneticMarkersOther_pop2,"If 'Other', please explain.",,false,,,${GeneticMarkers_pop2} = 'other',,,
select_one ry7lu40,MethodNe_pop2,What method was used in calculating Ne for THIS population?,,true,,,${Ne_pop2} != -999 and ${Ne_pop2} != '',,,
text,SourceNe_pop2,Please list all relevant sources reporting on effective population size for THIS population,Please separate each source using a semicolon (;).,true,multiline,,${Ne_pop2} != -999 and ${Ne_pop2} != '',,,
select_one tw2mv60,transboundary_pop2,Is THIS population part of a transboundary population?,"Transboundary refers to its existence in one or more countries, moving across oceans, being migratory, etc.",false,,,${n_extant_populations} >= 2 and ${nc_pops_exists} = 'yes',,,
integer,percent_pop2,What percentage of THIS population is in South Africa?,Please record a number between 0-100 (use whole numbers). Enter -999 if the percentage is unknown and cannot be estimated.,false,,,${transboundary_pop2} = 'yes_transboundary',,,
select_one wt5id91,whole_or_part_pop2,"Is the census size estimated for the population as a whole (i.e., across all transboundary countries) or only for the portion within South Africa?",,false,,,${transboundary_pop2} = 'yes_transboundary',,,
select_one uz6tk65,NcType_pop2,Is census population size (Nc) available as a range or point estimate?,,true,,,${nc_pops_exists} = 'yes',,,
text,NcYear_pop2,In what year was the Nc estimated for population 2?,"Please state the year when the sampling was done, not when it was published",false,,,${NcType_pop2} != 'unknown',,,
select_one ed5dt93,NcMethod_pop2,How was Nc calculated in THIS population?,,true,,,${nc_pops_exists} = 'yes' and ${NcType_pop2} != 'unknown',,,
select_one gn04r19,NcRange_pop2,Whats the range of the Nc for population 2?,,true,,,${NcType_pop2} = 'Nc_range',,,
text,NcRangeDetails_pop2,If a more detailed range is available please enter it here.,,false,,,${NcRange_pop2} != '' or ${NcType_pop2} = 'Nc_range',,,
integer,NcPoint_pop2,"If known, what is the census population size (Nc) for population 2? (POINT ESTIMATE)",If you have a confidence interval include it in next questions.,true,,"the Nc can't be negative, and only -999 is accepted if the Nc is not avilable (NA)",${NcType_pop2} = 'Nc_point',. = -999 or . > 0,,
decimal,NcLower_pop2,"If available, which is the LOWER limit of the Nc confidence interval for population 2?","This should be the lower value of the 95% Confidence Interval. If that is unavailable, leave this question blank and please record the confidence interval used (e.g. 90%) in the 'ANY ADDITIONAL COMMENTS OR NOTES' question at the end of the Section.",false,,the lower Nc limit can't be negative and has to be lower than the Nc. Only -999 is accepted if this value is unknown (NA),${NcPoint_pop2} != '',(. = -999 or . > 0) and . < ${NcPoint_pop2},,
decimal,NcUpper_pop2,"If available, which is the UPPER limit of the Nc confidence interval for population 2?","This should be the upper value of the 95% Confidence Interval. If that is unavailable, please record the confidence interval used (e.g. 90%) in the 'ANY ADDITIONAL COMMENTS OR NOTES' question at the end of the Section.",false,,the upper Nc limit can't be negative and has to be larger than the Nc. Only -999 is accepted if this value is unknown (NA),${NcPoint_pop2} != '',(. = -999 or. > 0) and (. = -999 or . > ${NcPoint_pop2}),,
text,SourceNc_pop2,"Please list all relevant sources of census size information (literature reference, website link, expert consultation) for THIS population",Please separate sources using a semicolon (;),true,multiline,,${nc_pops_exists} = 'yes' and ${NcType_pop2} != 'unknown',,,
text,Comments_pop2,Any additional comments or notes regarding the information that has been provided or why it could not be for population 2?,,false,,,${n_extant_populations} >= 2,,,
end_group,,,,,,,,,,
begin_group,pop3,Population 3,,false,,,(${kobo_tabular} = 'kobo' and ${kobo_tabular} != 'tabular') or ${kobo_tabular} = '' and ${n_extant_populations} >= 3,,,
text,Name_pop3,Population 3 name,"If a name has not been assigned to this population in literature, please provide your own unique name here.",true,,,${n_extant_populations} >= 3,,,
select_one vw6md17,Origin_pop3,What is the origin of population 3?,"You can provide details in the comments section for this population, if needed.",false,,,${n_extant_populations} >= 3,,,
text,IntroductionYear_pop3,"When was the population introduced, translocated, re-introduced or re-inforced?",,false,,,${Origin_pop3} = 'introduced' or ${Origin_pop3} = 'reintroduced' or ${Origin_pop3} = 'supplemented',,,
decimal,Ne_pop3,What is the effective population size (Ne) for population 3? (POINT ESTIMATE),"If you have a confidence interval include it in next questions. If Ne is not known for this population, type -999",true,,"the Ne can't be negative, and only -999 is accepted if the Ne is not avilable (NA)",${ne_pops_exists} = 'ne_available',. = -999 or . > 0,,
decimal,NeLower_pop3,"If available, which is the lower limit of the Ne confidence interval for population 3?","If not available, type -999",false,,Ne lower bound can't be negative and has to be lower than Ne. Only -999 is accepted if this value is unknown (NA),${Ne_pop3} != -999 and ${Ne_pop3} != '',(. = -999  or . > 0) and . <= ${Ne_pop3},,
decimal,NeUpper_pop3,"If available, which is the upper limit of the Ne confidence interval for population 3?","If not available, type -999. If infinite, type 999 999 999",false,,Ne upper bound can't be negative and has to be larger than Ne. Only -999 is accepted if this value is unknown (NA),${Ne_pop3} != -999 and ${Ne_pop3} != '',(. = -999 or . > 0) and (. = -999 or . >= ${Ne_pop3} ),,"If the Ne estimate is infinity please use ""999,999,999"" (make sure you use 9 times the number 9)."
text,NeYear_pop3,In what year was the data used to estimate Ne collected for population 3?,"Please state the year when the sampling was done, not when it was published.",true,,,${Ne_pop3} != -999 and ${Ne_pop3} != '',,,
select_one dp0ro30,GeneticMarkers_pop3,What genetic markers were used to estimate Ne for THIS population?,,true,,,${Ne_pop3} != -999 and ${Ne_pop3} != '',,,
text,GeneticMarkersOther_pop3,"If 'Other', please explain.",,false,,,${GeneticMarkers_pop3} = 'other',,,
select_one ry7lu40,MethodNe_pop3,What method was used in calculating Ne for THIS population?,,true,,,${Ne_pop3} != -999 and ${Ne_pop3} != '',,,
text,SourceNe_pop3,Please list all relevant sources reporting on effective population size for THIS population,Please separate each source using a semicolon (;).,true,multiline,,${Ne_pop3} != -999 and ${Ne_pop3} != '',,,
select_one tw2mv60,transboundary_pop3,Is THIS population part of a transboundary population?,"Transboundary refers to its existence in one or more countries, moving across oceans, being migratory, etc.",false,,,${n_extant_populations} >= 3 and ${nc_pops_exists} = 'yes',,,
integer,percent_pop3,What percentage of THIS population is in South Africa?,Please record a number between 0-100 (use whole numbers). Enter -999 if the percentage is unknown and cannot be estimated.,false,,,${transboundary_pop3} = 'yes_transboundary',,,
select_one wt5id91,whole_or_part_pop3,"Is the census size estimated for the population as a whole (i.e., across all transboundary countries) or only for the portion within South Africa?",,false,,,${transboundary_pop3} = 'yes_transboundary',,,
select_one uz6tk65,NcType_pop3,Is census population size (Nc) available as a range or point estimate?,,true,,,${nc_pops_exists} = 'yes',,,
text,NcYear_pop3,In what year was the Nc estimated for population 3?,"Please state the year when the sampling was done, not when it was published",false,,,${NcType_pop3} != 'unknown',,,
select_one ed5dt93,NcMethod_pop3,How was Nc calculated in THIS population?,,true,,,${nc_pops_exists} = 'yes' and ${NcType_pop3} != 'unknown',,,
select_one gn04r19,NcRange_pop3,Whats the range of the Nc for population 3?,,true,,,${NcType_pop3} = 'Nc_range',,,
text,NcRangeDetails_pop3,If a more detailed range is available please enter it here.,,false,,,${NcRange_pop3} != '' or ${NcType_pop3} = 'Nc_range',,,
integer,NcPoint_pop3,"If known, what is the census population size (Nc) for population 3? (POINT ESTIMATE)",If you have a confidence interval include it in next questions.,true,,"the Nc can't be negative, and only -999 is accepted if the Nc is not avilable (NA)",${NcType_pop3} = 'Nc_point',. = -999 or . > 0,,
decimal,NcLower_pop3,"If available, which is the LOWER limit of the Nc confidence interval for population 3?","This should be the lower value of the 95% Confidence Interval. If that is unavailable, leave this question blank and please record the confidence interval used (e.g. 90%) in the 'ANY ADDITIONAL COMMENTS OR NOTES' question at the end of the Section.",false,,the lower Nc limit can't be negative and has to be lower than the Nc. Only -999 is accepted if this value is unknown (NA),${NcPoint_pop3} != '',(. = -999 or . > 0) and . < ${NcPoint_pop3},,
decimal,NcUpper_pop3,"If available, which is the UPPER limit of the Nc confidence interval for population 3?","This should be the upper value of the 95% Confidence Interval. If that is unavailable, please record the confidence interval used (e.g. 90%) in the 'ANY ADDITIONAL COMMENTS OR NOTES' question at the end of the Section.",false,,the upper Nc limit can't be negative and has to be larger than the Nc. Only -999 is accepted if this value is unknown (NA),${NcPoint_pop3} != '',(. = -999 or. > 0) and (. = -999 or . > ${NcPoint_pop3}),,
text,SourceNc_pop3,"Please list all relevant sources of census size information (literature reference, website link, expert consultation) for THIS population",Please separate sources using a semicolon (;),true,multiline,,${nc_pops_exists} = 'yes' and ${NcType_pop3} != 'unknown',,,
text,Comments_pop3,Any additional comments or notes regarding the information that has been provided or why it could not be for population 3?,,false,,,${n_extant_populations} >= 3,,,
end_group,,,,,,,,,,
begin_group,pop4,Population 4,,false,,,(${kobo_tabular} = 'kobo' and ${kobo_tabular} != 'tabular') or ${kobo_tabular} = '' and ${n_extant_populations} >= 4,,,
text,Name_pop4,Population 4 name,"If a name has not been assigned to this population in literature, please provide your own unique name here.",true,,,${n_extant_populations} >= 4,,,
select_one vw6md17,Origin_pop4,What is the origin of population 4?,"You can provide details in the comments section for this population, if needed.",false,,,${n_extant_populations} >= 4,,,
text,IntroductionYear_pop4,"When was the population introduced, translocated, re-introduced or re-inforced?",,false,,,${Origin_pop4} = 'introduced' or ${Origin_pop4} = 'reintroduced' or ${Origin_pop4} = 'supplemented',,,
decimal,Ne_pop4,What is the effective population size (Ne) for population 4? (POINT ESTIMATE),"If you have a confidence interval include it in next questions. If Ne is not known for this population, type -999",true,,"the Ne can't be negative, and only -999 is accepted if the Ne is not avilable (NA)",${ne_pops_exists} = 'ne_available',. = -999 or . > 0,,
decimal,NeLower_pop4,"If available, which is the lower limit of the Ne confidence interval for population 4?","If not available, type -999",false,,Ne lower bound can't be negative and has to be lower than Ne. Only -999 is accepted if this value is unknown (NA),${Ne_pop4} != -999 and ${Ne_pop4} != '',(. = -999  or . > 0) and . <= ${Ne_pop4},,
decimal,NeUpper_pop4,"If available, which is the upper limit of the Ne confidence interval for population 4?","If not available, type -999. If infinite, type 999 999 999",false,,Ne upper bound can't be negative and has to be larger than Ne. Only -999 is accepted if this value is unknown (NA),${Ne_pop4} != -999 and ${Ne_pop4} != '',(. = -999 or . > 0) and (. = -999 or . >= ${Ne_pop4} ),,"If the Ne estimate is infinity please use ""999,999,999"" (make sure you use 9 times the number 9)."
text,NeYear_pop4,In what year was the data used to estimate Ne collected for population 4?,"Please state the year when the sampling was done, not when it was published.",true,,,${Ne_pop4} != -999 and ${Ne_pop4} != '',,,
select_one dp0ro30,GeneticMarkers_pop4,What genetic markers were used to estimate Ne for THIS population?,,true,,,${Ne_pop4} != -999 and ${Ne_pop4} != '',,,
text,GeneticMarkersOther_pop4,"If 'Other', please explain.",,false,,,${GeneticMarkers_pop4} = 'other',,,
select_one ry7lu40,MethodNe_pop4,What method was used in calculating Ne for THIS population?,,true,,,${Ne_pop4} != -999 and ${Ne_pop4} != '',,,
text,SourceNe_pop4,Please list all relevant sources reporting on effective population size for THIS population,Please separate each source using a semicolon (;).,true,multiline,,${Ne_pop4} != -999 and ${Ne_pop4} != '',,,
select_one tw2mv60,transboundary_pop4,Is THIS population part of a transboundary population?,"Transboundary refers to its existence in one or more countries, moving across oceans, being migratory, etc.",false,,,${nc_pops_exists} = 'yes' and ${n_extant_populations} >= 4,,,
integer,percent_pop4,What percentage of THIS population is in South Africa?,Please record a number between 0-100 (use whole numbers). Enter -999 if the percentage is unknown and cannot be estimated.,false,,,${transboundary_pop4} = 'yes_transboundary',,,
select_one wt5id91,whole_or_part_pop4,"Is the census size estimated for the population as a whole (i.e., across all transboundary countries) or only for the portion within South Africa?",,false,,,${transboundary_pop4} = 'yes_transboundary',,,
select_one uz6tk65,NcType_pop4,Is the census population size (Nc) available as a range or point estimate?,,true,,,${nc_pops_exists} = 'yes',,,
text,NcYear_pop4,In what year was the Nc estimated for population 4?,"Please state the year when the sampling was done, not when it was published",false,,,${NcType_pop4} != 'unknown',,,
select_one ed5dt93,NcMethod_pop4,How was Nc calculated in THIS population?,,true,,,${nc_pops_exists} = 'yes' and ${NcType_pop4} != 'unknown',,,
select_one gn04r19,NcRange_pop4,Whats the range of the Nc for population 4?,,true,,,${NcType_pop4} = 'Nc_range',,,
text,NcRangeDetails_pop4,If a more detailed range is available please enter it here.,,false,,,${NcRange_pop4} != '' or ${NcType_pop4} = 'Nc_range',,,
integer,NcPoint_pop4,"If known, what is the census population size (Nc) for population 4? (POINT ESTIMATE)",If you have a confidence interval include it in next questions.,true,,"the Nc can't be negative, and only -999 is accepted if the Nc is not avilable (NA)",${NcType_pop4} = 'Nc_point',. = -999 or . > 0,,
decimal,NcLower_pop4,"If available, which is the LOWER limit of the Nc confidence interval for population 4?","This should be the lower value of the 95% Confidence Interval. If that is unavailable, leave this question blank and please record the confidence interval used (e.g. 90%) in the 'ANY ADDITIONAL COMMENTS OR NOTES' question at the end of the Section.",false,,the lower Nc limit can't be negative and has to be lower than the Nc. Only -999 is accepted if this value is unknown (NA),${NcPoint_pop4} != '',(. = -999 or . > 0) and . < ${NcPoint_pop4},,
decimal,NcUpper_pop4,"If available, which is the UPPER limit of the Nc confidence interval for population 4?","This should be the upper value of the 95% Confidence Interval. If that is unavailable, please record the confidence interval used (e.g. 90%) in the 'ANY ADDITIONAL COMMENTS OR NOTES' question at the end of the Section.",false,,the upper Nc limit can't be negative and has to be larger than the Nc. Only -999 is accepted if this value is unknown (NA),${NcPoint_pop4} != '',(. = -999 or. > 0) and (. = -999 or . > ${NcPoint_pop4}),,
text,SourceNc_pop4,"Please list all relevant sources of census size information (literature reference, website link, expert consultation) for THIS population",Please separate sources using a semicolon (;),true,multiline,,${nc_pops_exists} = 'yes' and ${NcType_pop4} != 'unknown',,,
text,Comments_pop4,Any additional comments or notes regarding the information that has been provided or why it could not be for population 4?,,false,,,${n_extant_populations} >= 4,,,
end_group,,,,,,,,,,
begin_group,pop5,Population 5,,false,,,(${kobo_tabular} = 'kobo' and ${kobo_tabular} != 'tabular') or ${kobo_tabular} = '' and ${n_extant_populations} >= 5,,,
text,Name_pop5,Population 5 name,"If a name has not been assigned to this population in literature, please provide your own unique name here.",true,,,${n_extant_populations} >= 5,,,
select_one vw6md17,Origin_pop5,What is the origin of population 5?,"You can provide details in the comments section for this population, if needed.",false,,,${n_extant_populations} >= 5,,,
text,IntroductionYear_pop5,"When was the population introduced, translocated, re-introduced or re-inforced?",,false,,,${Origin_pop5} = 'introduced' or ${Origin_pop5} = 'reintroduced' or ${Origin_pop5} = 'supplemented',,,
decimal,Ne_pop5,What is the effective population size (Ne) for population 5? (POINT ESTIMATE),"If you have a confidence interval include it in next questions. If Ne is not known for this population, type -999",true,,"the Ne can't be negative, and only -999 is accepted if the Ne is not avilable (NA)",${ne_pops_exists} = 'ne_available',. = -999 or . > 0,,
decimal,NeLower_pop5,"If available, which is the lower limit of the Ne confidence interval for population 5?","If not available, type -999",false,,Ne lower bound can't be negative and has to be lower than Ne. Only -999 is accepted if this value is unknown (NA),${Ne_pop5} != -999 and ${Ne_pop5} != '',(. = -999  or . > 0) and . <= ${Ne_pop5},,
decimal,NeUpper_pop5,"If available, which is the upper limit of the Ne confidence interval for population 5?","If not available, type -999. If infinite, type 999 999 999",false,,Ne upper bound can't be negative and has to be larger than Ne. Only -999 is accepted if this value is unknown (NA),${Ne_pop5} != -999 and ${Ne_pop5} != '',(. = -999 or . > 0) and (. = -999 or . >= ${Ne_pop5} ),,"If the Ne estimate is infinity please use ""999,999,999"" (make sure you use 9 times the number 9)."
text,NeYear_pop5,In what year was the data used to estimate Ne collected for population 5?,"Please state the year when the sampling was done, not when it was published.",true,,,${Ne_pop5} != -999 and ${Ne_pop5} != '',,,
select_one dp0ro30,GeneticMarkers_pop5,What genetic markers were used to estimate Ne for THIS population?,,true,,,${Ne_pop5} != -999 and ${Ne_pop5} != '',,,
text,GeneticMarkersOther_pop5,"If 'Other', please explain.",,false,,,${GeneticMarkers_pop5} = 'other',,,
select_one ry7lu40,MethodNe_pop5,What method was used in calculating Ne for THIS population?,,true,,,${Ne_pop5} != -999 and ${Ne_pop5} != '',,,
text,SourceNe_pop5,Please list all relevant sources reporting on effective population size for THIS population,Please separate each source using a semicolon (;).,true,multiline,,${Ne_pop5} != -999 and ${Ne_pop5} != '',,,
select_one tw2mv60,transboundary_pop5,Is THIS population part of a transboundary population?,"Transboundary refers to its existence in one or more countries, moving across oceans, being migratory, etc.",false,,,${n_extant_populations} >= 5 and ${nc_pops_exists} = 'yes',,,
integer,percent_pop5,What percentage of THIS population is in South Africa?,Please record a number between 0-100 (use whole numbers). Enter -999 if the percentage is unknown and cannot be estimated.,false,,,${transboundary_pop5} = 'yes_transboundary',,,
select_one wt5id91,whole_or_part_pop5,"Is the census size estimated for the population as a whole (i.e., across all transboundary countries) or only for the portion within South Africa?",,false,,,${transboundary_pop5} = 'yes_transboundary',,,
select_one uz6tk65,NcType_pop5,Is the census population size (Nc) available as a range or point estimate?,,true,,,${nc_pops_exists} = 'yes',,,
text,NcYear_pop5,In what year was the Nc estimated for population 5?,"Please state the year when the sampling was done, not when it was published",false,,,${NcType_pop5} != 'unknown',,,
select_one ed5dt93,NcMethod_pop5,How was Nc calculated in THIS population?,,true,,,${nc_pops_exists} = 'yes' and ${NcType_pop5} != 'unknown',,,
select_one gn04r19,NcRange_pop5,Whats the range of the Nc for population 5?,,true,,,${NcType_pop5} = 'Nc_range',,,
text,NcRangeDetails_pop5,If a more detailed range is available please enter it here.,,false,,,${NcRange_pop5} != '' or ${NcType_pop5} = 'Nc_range',,,
integer,NcPoint_pop5,"If known, what is the census population size (Nc) for population 5? (POINT ESTIMATE)",If you have a confidence interval include it in next questions.,true,,"the Nc can't be negative, and only -999 is accepted if the Nc is not avilable (NA)",${NcType_pop5} = 'Nc_point',. = -999 or . > 0,,
decimal,NcLower_pop5,"If available, which is the LOWER limit of the Nc confidence interval for population 5?","This should be the lower value of the 95% Confidence Interval. If that is unavailable, leave this question blank and please record the confidence interval used (e.g. 90%) in the 'ANY ADDITIONAL COMMENTS OR NOTES' question at the end of the Section.",false,,the lower Nc limit can't be negative and has to be lower than the Nc. Only -999 is accepted if this value is unknown (NA),${NcPoint_pop5} != '',(. = -999 or . > 0) and . < ${NcPoint_pop5},,
decimal,NcUpper_pop5,"If available, which is the UPPER limit of the Nc confidence interval for population 5?","This should be the upper value of the 95% Confidence Interval. If that is unavailable, please record the confidence interval used (e.g. 90%) in the 'ANY ADDITIONAL COMMENTS OR NOTES' question at the end of the Section.",false,,the upper Nc limit can't be negative and has to be larger than the Nc. Only -999 is accepted if this value is unknown (NA),${NcPoint_pop5} != '',(. = -999 or. > 0) and (. = -999 or . > ${NcPoint_pop5}),,
text,SourceNc_pop5,"Please list all relevant sources of census size information (literature reference, website link, expert consultation) for THIS population",Please separate sources using a semicolon (;),true,multiline,,${nc_pops_exists} = 'yes' and ${NcType_pop5} != 'unknown',,,
text,Comments_pop5,Any additional comments or notes regarding the information that has been provided or why it could not be for population 5?,,false,,,${n_extant_populations} >= 5,,,
end_group,,,,,,,,,,
begin_group,pop6,Population 6,,false,,,(${kobo_tabular} = 'kobo' and ${kobo_tabular} != 'tabular') or ${kobo_tabular} = '' and ${n_extant_populations} >= 6,,,
text,Name_pop6,Population 6 name,"If a name has not been assigned to this population in literature, please provide your own unique name here.",true,,,${n_extant_populations} >= 6,,,
select_one vw6md17,Origin_pop6,What is the origin of population 6?,"You can provide details in the comments section for this population, if needed.",false,,,${n_extant_populations} >= 6,,,
text,IntroductionYear_pop6,"When was the population introduced, translocated, re-introduced or re-inforced?",,false,,,${Origin_pop6} = 'introduced' or ${Origin_pop6} = 'reintroduced' or ${Origin_pop6} = 'supplemented',,,
decimal,Ne_pop6,What is the effective population size (Ne) for population 6? (POINT ESTIMATE),"If you have a confidence interval include it in next questions. If Ne is not known for this population, type -999",true,,"the Ne can't be negative, and only -999 is accepted if the Ne is not avilable (NA)",${ne_pops_exists} = 'ne_available',. = -999 or . > 0,,
decimal,NeLower_pop6,"If available, which is the lower limit of the Ne confidence interval for population 6?","If not available, type -999",false,,Ne lower bound can't be negative and has to be lower than Ne. Only -999 is accepted if this value is unknown (NA),${Ne_pop6} != -999 and ${Ne_pop6} != '',(. = -999  or . > 0) and . <= ${Ne_pop6},,
decimal,NeUpper_pop6,"If available, which is the upper limit of the Ne confidence interval for population 6?","If not available, type -999. If infinite, type 999 999 999",false,,Ne upper bound can't be negative and has to be larger than Ne. Only -999 is accepted if this value is unknown (NA),${Ne_pop6} != -999 and ${Ne_pop6} != '',(. = -999 or . > 0) and (. = -999 or . >= ${Ne_pop6} ),,"If the Ne estimate is infinity please use ""999,999,999"" (make sure you use 9 times the number 9)."
text,NeYear_pop6,In what year was the data used to estimate Ne collected for population 6?,"Please state the year when the sampling was done, not when it was published.",true,,,${Ne_pop6} != -999 and ${Ne_pop6} != '',,,
select_one dp0ro30,GeneticMarkers_pop6,What genetic markers were used to estimate Ne for THIS population?,,true,,,${Ne_pop6} != -999 and ${Ne_pop6} != '',,,
text,GeneticMarkersOther_pop6,"If 'Other', please explain.",,false,,,${GeneticMarkers_pop6} = 'other',,,
select_one ry7lu40,MethodNe_pop6,What method was used in calculating Ne for THIS population?,,true,,,${Ne_pop6} != -999 and ${Ne_pop6} != '',,,
text,SourceNe_pop6,Please list all relevant sources reporting on effective population size for THIS population,Please separate each source using a semicolon (;).,true,multiline,,${Ne_pop6} != -999 and ${Ne_pop6} != '',,,
select_one tw2mv60,transboundary_pop6,Is THIS population part of a transboundary population?,"Transboundary refers to its existence in one or more countries, moving across oceans, being migratory, etc.",false,,,${n_extant_populations} >= 6 and ${nc_pops_exists} = 'yes',,,
integer,percent_pop6,What percentage of THIS population is in South Africa?,Please record a number between 0-100 (use whole numbers). Enter -999 if the percentage is unknown and cannot be estimated.,false,,,${transboundary_pop6} = 'yes_transboundary',,,
select_one wt5id91,whole_or_part_pop6,"Is the census size estimated for the population as a whole (i.e., across all transboundary countries) or only for the portion within South Africa?",,false,,,${transboundary_pop6} = 'yes_transboundary',,,
select_one uz6tk65,NcType_pop6,"If there is a census population size (Nc) available, is this a range or point estimate?",,true,,,${nc_pops_exists} = 'yes',,,
text,NcYear_pop6,In what year was the Nc estimated for population 6?,"Please state the year when the sampling was done, not when it was published",false,,,${NcType_pop6} != 'unknown',,,
select_one ed5dt93,NcMethod_pop6,How was Nc calculated in THIS population?,,true,,,${nc_pops_exists} = 'yes' and ${NcType_pop6} != 'unknown',,,
select_one gn04r19,NcRange_pop6,Whats the range of the Nc for population 6?,,true,,,${NcType_pop6} = 'Nc_range',,,
text,NcRangeDetails_pop6,If a more detailed range is available please enter it here.,,false,,,${NcRange_pop6} != '' or ${NcType_pop6} = 'Nc_range',,,
integer,NcPoint_pop6,"If known, what is the census population size (Nc) for population 6? (POINT ESTIMATE)",If you have a confidence interval include it in next questions.,true,,"the Nc can't be negative, and only -999 is accepted if the Nc is not avilable (NA)",${NcType_pop6} = 'Nc_point',. = -999 or . > 0,,
decimal,NcLower_pop6,"If available, which is the LOWER limit of the Nc confidence interval for population 6?","This should be the lower value of the 95% Confidence Interval. If that is unavailable, leave this question blank and please record the confidence interval used (e.g. 90%) in the 'ANY ADDITIONAL COMMENTS OR NOTES' question at the end of the Section.",false,,the lower Nc limit can't be negative and has to be lower than the Nc. Only -999 is accepted if this value is unknown (NA),${NcPoint_pop6} != '',(. = -999 or . > 0) and . < ${NcPoint_pop6},,
decimal,NcUpper_pop6,"If available, which is the UPPER limit of the Nc confidence interval for population 6?","This should be the upper value of the 95% Confidence Interval. If that is unavailable, please record the confidence interval used (e.g. 90%) in the 'ANY ADDITIONAL COMMENTS OR NOTES' question at the end of the Section.",false,,the upper Nc limit can't be negative and has to be larger than the Nc. Only -999 is accepted if this value is unknown (NA),${NcPoint_pop6} != '',(. = -999 or. > 0) and (. = -999 or . > ${NcPoint_pop6}),,
text,SourceNc_pop6,"Please list all relevant sources of census size information (literature reference, website link, expert consultation) for THIS population",Please separate sources using a semicolon (;),true,multiline,,${nc_pops_exists} = 'yes' and ${NcType_pop6} != 'unknown',,,
text,Comments_pop6,Any additional comments or notes regarding the information that has been provided or why it could not be for population 6?,,false,,,${n_extant_populations} >= 6,,,
end_group,,,,,,,,,,
begin_group,pop7,Population 7,,false,,,(${kobo_tabular} = 'kobo' and ${kobo_tabular} != 'tabular') or ${kobo_tabular} = '' and ${n_extant_populations} >= 7,,,
text,Name_pop7,Population 7 name,"If a name has not been assigned to this population in literature, please provide your own unique name here.",true,,,${n_extant_populations} >= 7,,,
select_one vw6md17,Origin_pop7,What is the origin of population 7?,"You can provide details in the comments section for this population, if needed.",false,,,${n_extant_populations} >= 7,,,
text,IntroductionYear_pop7,"When was the population introduced, translocated, re-introduced or re-inforced?",,false,,,${Origin_pop7} = 'introduced' or ${Origin_pop7} = 'reintroduced' or ${Origin_pop7} = 'supplemented',,,
decimal,Ne_pop7,What is the effective population size (Ne) for population 7? (POINT ESTIMATE),"If you have a confidence interval include it in next questions. If Ne is not known for this population, type -999",true,,"the Ne can't be negative, and only -999 is accepted if the Ne is not avilable (NA)",${ne_pops_exists} = 'ne_available',. = -999 or . > 0,,
decimal,NeLower_pop7,"If available, which is the lower limit of the Ne confidence interval for population 7?","If not available, type -999",false,,Ne lower bound can't be negative and has to be lower than Ne. Only -999 is accepted if this value is unknown (NA),${Ne_pop7} != -999 and ${Ne_pop7} != '',(. = -999  or . > 0) and . <= ${Ne_pop7},,
decimal,NeUpper_pop7,"If available, which is the upper limit of the Ne confidence interval for population 7?","If not available, type -999. If infinite, type 999 999 999",false,,Ne upper bound can't be negative and has to be larger than Ne. Only -999 is accepted if this value is unknown (NA),${Ne_pop7} != -999 and ${Ne_pop7} != '',(. = -999 or . > 0) and (. = -999 or . >= ${Ne_pop7} ),,"If the Ne estimate is infinity please use ""999,999,999"" (make sure you use 9 times the number 9)."
text,NeYear_pop7,In what year was the data used to estimate Ne collected for population 7?,"Please state the year when the sampling was done, not when it was published.",true,,,${Ne_pop7} != -999 and ${Ne_pop7} != '',,,
select_one dp0ro30,GeneticMarkers_pop7,What genetic markers were used to estimate Ne for THIS population?,,true,,,${Ne_pop7} != -999 and ${Ne_pop7} != '',,,
text,GeneticMarkersOther_pop7,"If 'Other', please explain.",,false,,,${GeneticMarkers_pop7} = 'other',,,
select_one ry7lu40,MethodNe_pop7,What method was used in calculating Ne for THIS population?,,true,,,${Ne_pop7} != -999 and ${Ne_pop7} != '',,,
text,SourceNe_pop7,Please list all relevant sources reporting on effective population size for THIS population,Please separate each source using a semicolon (;).,true,multiline,,${Ne_pop7} != -999 and ${Ne_pop7} != '',,,
select_one tw2mv60,transboundary_pop7,Is THIS population part of a transboundary population?,"Transboundary refers to its existence in one or more countries, moving across oceans, being migratory, etc.",false,,,${n_extant_populations} >= 7 and ${nc_pops_exists} = 'yes',,,
integer,percent_pop7,What percentage of THIS population is in South Africa?,Please record a number between 0-100 (use whole numbers). Enter -999 if the percentage is unknown and cannot be estimated.,false,,,${transboundary_pop7} = 'yes_transboundary',,,
select_one wt5id91,whole_or_part_pop7,"Is the census size estimated for the population as a whole (i.e., across all transboundary countries) or only for the portion within South Africa?",,false,,,${transboundary_pop7} = 'yes_transboundary',,,
select_one uz6tk65,NcType_pop7,"If there is a census population size (Nc) available, is this a range or point estimate?",,true,,,${nc_pops_exists} = 'yes',,,
text,NcYear_pop7,In what year was the Nc estimated for population 7?,"Please state the year when the sampling was done, not when it was published",false,,,${NcType_pop7} != 'unknown',,,
select_one ed5dt93,NcMethod_pop7,How was Nc calculated in THIS population?,,true,,,${nc_pops_exists} = 'yes' and ${NcType_pop7} != 'unknown',,,
select_one gn04r19,NcRange_pop7,Whats the range of the Nc for population 7?,,true,,,${NcType_pop7} = 'Nc_range',,,
text,NcRangeDetails_pop7,If a more detailed range is available please enter it here.,,false,,,${NcRange_pop7} != '' or ${NcType_pop7} = 'Nc_range',,,
integer,NcPoint_pop7,"If known, what is the census population size (Nc) for population 7? (POINT ESTIMATE)",If you have a confidence interval include it in next questions.,true,,"the Nc can't be negative, and only -999 is accepted if the Nc is not avilable (NA)",${NcType_pop7} = 'Nc_point',. = -999 or . > 0,,
decimal,NcLower_pop7,"If available, which is the LOWER limit of the Nc confidence interval for population 7?","This should be the lower value of the 95% Confidence Interval. If that is unavailable, leave this question blank and please record the confidence interval used (e.g. 90%) in the 'ANY ADDITIONAL COMMENTS OR NOTES' question at the end of the Section.",false,,the lower Nc limit can't be negative and has to be lower than the Nc. Only -999 is accepted if this value is unknown (NA),${NcPoint_pop7} != '',(. = -999 or . > 0) and . < ${NcPoint_pop7},,
decimal,NcUpper_pop7,"If available, which is the UPPER limit of the Nc confidence interval for population 7?","This should be the upper value of the 95% Confidence Interval. If that is unavailable, please record the confidence interval used (e.g. 90%) in the 'ANY ADDITIONAL COMMENTS OR NOTES' question at the end of the Section.",false,,the upper Nc limit can't be negative and has to be larger than the Nc. Only -999 is accepted if this value is unknown (NA),${NcPoint_pop7} != '',(. = -999 or. > 0) and (. = -999 or . > ${NcPoint_pop7}),,
text,SourceNc_pop7,"Please list all relevant sources of census size information (literature reference, website link, expert consultation) for THIS population",Please separate sources using a semicolon (;),true,multiline,,${nc_pops_exists} = 'yes' and ${NcType_pop7} != 'unknown',,,
text,Comments_pop7,Any additional comments or notes regarding the information that has been provided or why it could not be for population 7?,,false,,,${n_extant_populations} >= 7,,,
end_group,,,,,,,,,,
begin_group,pop8,Population 8,,false,,,(${kobo_tabular} = 'kobo' and ${kobo_tabular} != 'tabular') or ${kobo_tabular} = '' and ${n_extant_populations} >= 8,,,
text,Name_pop8,Population 8 name,"If a name has not been assigned to this population in literature, please provide your own unique name here.",true,,,${n_extant_populations} >= 8,,,
select_one vw6md17,Origin_pop8,What is the origin of population 8?,"You can provide details in the comments section for this population, if needed.",false,,,${n_extant_populations} >= 8,,,
text,IntroductionYear_pop8,"When was the population introduced, translocated, re-introduced or re-inforced?",,false,,,${Origin_pop8} = 'introduced' or ${Origin_pop8} = 'reintroduced' or ${Origin_pop8} = 'supplemented',,,
decimal,Ne_pop8,What is the effective population size (Ne) for population 8? (POINT ESTIMATE),"If you have a confidence interval include it in next questions. If Ne is not known for this population, type -999",true,,"the Ne can't be negative, and only -999 is accepted if the Ne is not avilable (NA)",${ne_pops_exists} = 'ne_available',. = -999 or . > 0,,
decimal,NeLower_pop8,"If available, which is the lower limit of the Ne confidence interval for population 8?","If not available, type -999",false,,Ne lower bound can't be negative and has to be lower than Ne. Only -999 is accepted if this value is unknown (NA),${Ne_pop8} != -999 and ${Ne_pop8} != '',(. = -999  or . > 0) and . <= ${Ne_pop8},,
decimal,NeUpper_pop8,"If available, which is the upper limit of the Ne confidence interval for population 8?","If not available, type -999. If infinite, type 999 999 999",false,,Ne upper bound can't be negative and has to be larger than Ne. Only -999 is accepted if this value is unknown (NA),${Ne_pop8} != -999 and ${Ne_pop8} != '',(. = -999 or . > 0) and (. = -999 or . >= ${Ne_pop8} ),,"If the Ne estimate is infinity please use ""999,999,999"" (make sure you use 9 times the number 9)."
text,NeYear_pop8,In what year was the data used to estimate Ne collected for population 8?,"Please state the year when the sampling was done, not when it was published.",true,,,${Ne_pop8} != -999 and ${Ne_pop8} != '',,,
select_one dp0ro30,GeneticMarkers_pop8,What genetic markers were used to estimate Ne for THIS population?,,true,,,${Ne_pop8} != -999 and ${Ne_pop8} != '',,,
text,GeneticMarkersOther_pop8,"If 'Other', please explain.",,false,,,${GeneticMarkers_pop8} = 'other',,,
select_one ry7lu40,MethodNe_pop8,What method was used in calculating Ne for THIS population?,,true,,,${Ne_pop8} != -999 and ${Ne_pop8} != '',,,
text,SourceNe_pop8,Please list all relevant sources reporting on effective population size for THIS population,Please separate each source using a semicolon (;).,true,multiline,,${Ne_pop8} != -999 and ${Ne_pop8} != '',,,
select_one tw2mv60,transboundary_pop8,Is THIS population part of a transboundary population?,"Transboundary refers to its existence in one or more countries, moving across oceans, being migratory, etc.",false,,,${n_extant_populations} >= 8 and ${nc_pops_exists} = 'yes',,,
integer,percent_pop8,What percentage of THIS population is in South Africa?,Please record a number between 0-100 (use whole numbers). Enter -999 if the percentage is unknown and cannot be estimated.,false,,,${transboundary_pop8} = 'yes_transboundary',,,
select_one wt5id91,whole_or_part_pop8,"Is the census size estimated for the population as a whole (i.e., across all transboundary countries) or only for the portion within South Africa?",,false,,,${transboundary_pop8} = 'yes_transboundary',,,
select_one uz6tk65,NcType_pop8,"If there is a census population size (Nc) available, is this a range or point estimate?",,true,,,${nc_pops_exists} = 'yes',,,
text,NcYear_pop8,In what year was the Nc estimated for population 8?,"Please state the year when the sampling was done, not when it was published",false,,,${NcType_pop8} != 'unknown',,,
select_one ed5dt93,NcMethod_pop8,How was Nc calculated in THIS population?,,true,,,${nc_pops_exists} = 'yes' and ${NcType_pop8} != 'unknown',,,
select_one gn04r19,NcRange_pop8,Whats the range of the Nc for population 8?,,true,,,${NcType_pop8} = 'Nc_range',,,
text,NcRangeDetails_pop8,If a more detailed range is available please enter it here.,,false,,,${NcRange_pop8} != '' or ${NcType_pop8} = 'Nc_range',,,
integer,NcPoint_pop8,"If known, what is the census population size (Nc) for population 8? (POINT ESTIMATE)",If you have a confidence interval include it in next questions.,true,,"the Nc can't be negative, and only -999 is accepted if the Nc is not avilable (NA)",${NcType_pop8} = 'Nc_point',. = -999 or . > 0,,
decimal,NcLower_pop8,"If available, which is the LOWER limit of the Nc confidence interval for population 8?","This should be the lower value of the 95% Confidence Interval. If that is unavailable, leave this question blank and please record the confidence interval used (e.g. 90%) in the 'ANY ADDITIONAL COMMENTS OR NOTES' question at the end of the Section.",false,,the lower Nc limit can't be negative and has to be lower than the Nc. Only -999 is accepted if this value is unknown (NA),${NcPoint_pop8} != '',(. = -999 or . > 0) and . < ${NcPoint_pop8},,
decimal,NcUpper_pop8,"If available, which is the UPPER limit of the Nc confidence interval for population 8?","This should be the upper value of the 95% Confidence Interval. If that is unavailable, please record the confidence interval used (e.g. 90%) in the 'ANY ADDITIONAL COMMENTS OR NOTES' question at the end of the Section.",false,,the upper Nc limit can't be negative and has to be larger than the Nc. Only -999 is accepted if this value is unknown (NA),${NcPoint_pop8} != '',(. = -999 or. > 0) and (. = -999 or . > ${NcPoint_pop8}),,
text,SourceNc_pop8,"Please list all relevant sources of census size information (literature reference, website link, expert consultation) for THIS population",Please separate sources using a semicolon (;),true,multiline,,${nc_pops_exists} = 'yes' and ${NcType_pop8} != 'unknown',,,
text,Comments_pop8,Any additional comments or notes regarding the information that has been provided or why it could not be for population 8?,,false,,,${n_extant_populations} >= 8,,,
end_group,,,,,,,,,,
begin_group,pop9,Population 9,,false,,,(${kobo_tabular} = 'kobo' and ${kobo_tabular} != 'tabular') or ${kobo_tabular} = '' and ${n_extant_populations} >= 9,,,
text,Name_pop9,Population 9 name,"If a name has not been assigned to this population in literature, please provide your own unique name here.",true,,,${n_extant_populations} >= 9,,,
select_one vw6md17,Origin_pop9,What is the origin of population 9?,"You can provide details in the comments section for this population, if needed.",false,,,${n_extant_populations} >= 9,,,
text,IntroductionYear_pop9,"When was the population introduced, translocated, re-introduced or re-inforced?",,false,,,${Origin_pop9} = 'introduced' or ${Origin_pop9} = 'reintroduced' or ${Origin_pop9} = 'supplemented',,,
decimal,Ne_pop9,What is the effective population size (Ne) for population 9? (POINT ESTIMATE),"If you have a confidence interval include it in next questions. If Ne is not known for this population, type -999",true,,"the Ne can't be negative, and only -999 is accepted if the Ne is not avilable (NA)",${ne_pops_exists} = 'ne_available',. = -999 or . > 0,,
decimal,NeLower_pop9,"If available, which is the lower limit of the Ne confidence interval for population 9?","If not available, type -999",false,,Ne lower bound can't be negative and has to be lower than Ne. Only -999 is accepted if this value is unknown (NA),${Ne_pop9} != -999 and ${Ne_pop9} != '',(. = -999  or . > 0) and . <= ${Ne_pop9},,
decimal,NeUpper_pop9,"If available, which is the upper limit of the Ne confidence interval for population 9?","If not available, type -999. If infinite, type 999 999 999",false,,Ne upper bound can't be negative and has to be larger than Ne. Only -999 is accepted if this value is unknown (NA),${Ne_pop9} != -999 and ${Ne_pop9} != '',(. = -999 or . > 0) and (. = -999 or . >= ${Ne_pop9} ),,"If the Ne estimate is infinity please use ""999,999,999"" (make sure you use 9 times the number 9)."
text,NeYear_pop9,In what year was the data used to estimate Ne collected for population 9?,"Please state the year when the sampling was done, not when it was published.",true,,,${Ne_pop9} != -999 and ${Ne_pop9} != '',,,
select_one dp0ro30,GeneticMarkers_pop9,What genetic markers were used to estimate Ne for THIS population?,,true,,,${Ne_pop9} != -999 and ${Ne_pop9} != '',,,
text,GeneticMarkersOther_pop9,"If 'Other', please explain.",,false,,,${GeneticMarkers_pop9} = 'other',,,
select_one ry7lu40,MethodNe_pop9,What method was used in calculating Ne for THIS population?,,true,,,${Ne_pop9} != -999 and ${Ne_pop9} != '',,,
text,SourceNe_pop9,Please list all relevant sources reporting on effective population size for THIS population,Please separate each source using a semicolon (;).,true,multiline,,${Ne_pop9} != -999 and ${Ne_pop9} != '',,,
select_one tw2mv60,transboundary_pop9,Is THIS population part of a transboundary population?,"Transboundary refers to its existence in one or more countries, moving across oceans, being migratory, etc.",false,,,${n_extant_populations} >= 9 and ${nc_pops_exists} = 'yes',,,
integer,percent_pop9,What percentage of THIS population is in South Africa?,Please record a number between 0-100 (use whole numbers). Enter -999 if the percentage is unknown and cannot be estimated.,false,,,${transboundary_pop9} = 'yes_transboundary',,,
select_one wt5id91,whole_or_part_pop9,"Is the census size estimated for the population as a whole (i.e., across all transboundary countries) or only for the portion within South Africa?",,false,,,${transboundary_pop9} = 'yes_transboundary',,,
select_one uz6tk65,NcType_pop9,"If there is a census population size (Nc) available, is this a range or point estimate?",,true,,,${nc_pops_exists} = 'yes',,,
text,NcYear_pop9,In what year was the Nc estimated for population 9?,"Please state the year when the sampling was done, not when it was published",false,,,${NcType_pop9} != 'unknown',,,
select_one ed5dt93,NcMethod_pop9,How was Nc calculated in THIS population?,,true,,,${nc_pops_exists} = 'yes' and ${NcType_pop9} != 'unknown',,,
select_one gn04r19,NcRange_pop9,Whats the range of the Nc for population 9?,,true,,,${NcType_pop9} = 'Nc_range',,,
text,NcRangeDetails_pop9,If a more detailed range is available please enter it here.,,false,,,${NcRange_pop9} != '' or ${NcType_pop9} = 'Nc_range',,,
integer,NcPoint_pop9,"If known, what is the census population size (Nc) for population 9? (POINT ESTIMATE)",If you have a confidence interval include it in next questions.,true,,"the Nc can't be negative, and only -999 is accepted if the Nc is not avilable (NA)",${NcType_pop9} = 'Nc_point',. = -999 or . > 0,,
decimal,NcLower_pop9,"If available, which is the LOWER limit of the Nc confidence interval for population 9?","This should be the lower value of the 95% Confidence Interval. If that is unavailable, leave this question blank and please record the confidence interval used (e.g. 90%) in the 'ANY ADDITIONAL COMMENTS OR NOTES' question at the end of the Section.",false,,the lower Nc limit can't be negative and has to be lower than the Nc. Only -999 is accepted if this value is unknown (NA),${NcPoint_pop9} != '',(. = -999 or . > 0) and . < ${NcPoint_pop9},,
decimal,NcUpper_pop9,"If available, which is the UPPER limit of the Nc confidence interval for population 9?","This should be the upper value of the 95% Confidence Interval. If that is unavailable, please record the confidence interval used (e.g. 90%) in the 'ANY ADDITIONAL COMMENTS OR NOTES' question at the end of the Section.",false,,the upper Nc limit can't be negative and has to be larger than the Nc. Only -999 is accepted if this value is unknown (NA),${NcPoint_pop9} != '',(. = -999 or. > 0) and (. = -999 or . > ${NcPoint_pop9}),,
text,SourceNc_pop9,"Please list all relevant sources of census size information (literature reference, website link, expert consultation) for THIS population",Please separate sources using a semicolon (;),true,multiline,,${nc_pops_exists} = 'yes' and ${NcType_pop9} != 'unknown',,,
text,Comments_pop9,Any additional comments or notes regarding the information that has been provided or why it could not be for population 9?,,false,,,${n_extant_populations} >= 9,,,
end_group,,,,,,,,,,
begin_group,pop10,Population 10,,false,,,(${kobo_tabular} = 'kobo' and ${kobo_tabular} != 'tabular') or ${kobo_tabular} = '' and ${n_extant_populations} >= 10,,,
text,Name_pop10,Population 10 name,"If a name has not been assigned to this population in literature, please provide your own unique name here.",true,,,${n_extant_populations} >= 10,,,
select_one vw6md17,Origin_pop10,What is the origin of population 10?,"You can provide details in the comments section for this population, if needed.",false,,,${n_extant_populations} >= 10,,,
text,IntroductionYear_pop10,"When was the population introduced, translocated, re-introduced or re-inforced?",,false,,,${Origin_pop10} = 'introduced' or ${Origin_pop10} = 'reintroduced' or ${Origin_pop10} = 'supplemented',,,
decimal,Ne_pop10,What is the effective population size (Ne) for population 10? (POINT ESTIMATE),"If you have a confidence interval include it in next questions. If Ne is not known for this population, type -999",true,,"the Ne can't be negative, and only -999 is accepted if the Ne is not avilable (NA)",${ne_pops_exists} = 'ne_available',. = -999 or . > 0,,
decimal,NeLower_pop10,"If available, which is the lower limit of the Ne confidence interval for population 10?","If not available, type -999",false,,Ne lower bound can't be negative and has to be lower than Ne. Only -999 is accepted if this value is unknown (NA),${Ne_pop10} != -999 and ${Ne_pop10} != '',(. = -999  or . > 0) and . <= ${Ne_pop10},,
decimal,NeUpper_pop10,"If available, which is the upper limit of the Ne confidence interval for population 10?","If not available, type -999. If infinite, type 999 999 999",false,,Ne upper bound can't be negative and has to be larger than Ne. Only -999 is accepted if this value is unknown (NA),${Ne_pop10} != -999 and ${Ne_pop10} != '',(. = -999 or . > 0) and (. = -999 or . >= ${Ne_pop10} ),,"If the Ne estimate is infinity please use ""999,999,999"" (make sure you use 9 times the number 9)."
text,NeYear_pop10,In what year was the data used to estimate Ne collected for population 10?,"Please state the year when the sampling was done, not when it was published.",true,,,${Ne_pop10} != -999 and ${Ne_pop10} != '',,,
select_one dp0ro30,GeneticMarkers_pop10,What genetic markers were used to estimate Ne for THIS population?,,true,,,${Ne_pop10} != -999 and ${Ne_pop10} != '',,,
text,GeneticMarkersOther_pop10,"If 'Other', please explain.",,false,,,${GeneticMarkers_pop10} = 'other',,,
select_one ry7lu40,MethodNe_pop10,What method was used in calculating Ne for THIS population?,,true,,,${Ne_pop10} != -999 and ${Ne_pop10} != '',,,
text,SourceNe_pop10,Please list all relevant sources reporting on effective population size for THIS population,Please separate each source using a semicolon (;).,true,multiline,,${Ne_pop10} != -999 and ${Ne_pop10} != '',,,
select_one tw2mv60,transboundary_pop10,Is THIS population part of a transboundary population?,"Transboundary refers to its existence in one or more countries, moving across oceans, being migratory, etc.",false,,,${n_extant_populations} >= 10 and ${nc_pops_exists} = 'yes',,,
integer,percent_pop10,What percentage of THIS population is in South Africa?,Please record a number between 0-100 (use whole numbers). Enter -999 if the percentage is unknown and cannot be estimated.,false,,,${transboundary_pop10} = 'yes_transboundary',,,
select_one wt5id91,whole_or_part_pop10,"Is the census size estimated for the population as a whole (i.e., across all transboundary countries) or only for the portion within South Africa?",,false,,,${transboundary_pop10} = 'yes_transboundary',,,
select_one uz6tk65,NcType_pop10,"If there is a census population size (Nc) available, is this a range or point estimate?",,true,,,${nc_pops_exists} = 'yes',,,
text,NcYear_pop10,In what year was the Nc estimated for population 10?,"Please state the year when the sampling was done, not when it was published",false,,,${NcType_pop10} != 'unknown',,,
select_one ed5dt93,NcMethod_pop10,How was Nc calculated in THIS population?,,true,,,${nc_pops_exists} = 'yes' and ${NcType_pop10} != 'unknown',,,
select_one gn04r19,NcRange_pop10,Whats the range of the Nc for population 10?,,true,,,${NcType_pop10} = 'Nc_range',,,
text,NcRangeDetails_pop10,If a more detailed range is available please enter it here.,,false,,,${NcRange_pop10} != '' or ${NcType_pop10} = 'Nc_range',,,
integer,NcPoint_pop10,"If known, what is the census population size (Nc) for population 10? (POINT ESTIMATE)",If you have a confidence interval include it in next questions.,true,,"the Nc can't be negative, and only -999 is accepted if the Nc is not avilable (NA)",${NcType_pop10} = 'Nc_point',. = -999 or . > 0,,
decimal,NcLower_pop10,"If available, which is the LOWER limit of the Nc confidence interval for population 10?","This should be the lower value of the 95% Confidence Interval. If that is unavailable, leave this question blank and please record the confidence interval used (e.g. 90%) in the 'ANY ADDITIONAL COMMENTS OR NOTES' question at the end of the Section.",false,,the lower Nc limit can't be negative and has to be lower than the Nc. Only -999 is accepted if this value is unknown (NA),${NcPoint_pop10} != '',(. = -999 or . > 0) and . < ${NcPoint_pop10},,
decimal,NcUpper_pop10,"If available, which is the UPPER limit of the Nc confidence interval for population 10?","This should be the upper value of the 95% Confidence Interval. If that is unavailable, please record the confidence interval used (e.g. 90%) in the 'ANY ADDITIONAL COMMENTS OR NOTES' question at the end of the Section.",false,,the upper Nc limit can't be negative and has to be larger than the Nc. Only -999 is accepted if this value is unknown (NA),${NcPoint_pop10} != '',(. = -999 or. > 0) and (. = -999 or . > ${NcPoint_pop10}),,
text,SourceNc_pop10,"Please list all relevant sources of census size information (literature reference, website link, expert consultation) for THIS population",Please separate sources using a semicolon (;),true,multiline,,${nc_pops_exists} = 'yes' and ${NcType_pop10} != 'unknown',,,
text,Comments_pop10,Any additional comments or notes regarding the information that has been provided or why it could not be for population 10?,,false,,,${n_extant_populations} >= 10,,,
end_group,,,,,,,,,,
begin_group,pop11,Population 11,,false,,,(${kobo_tabular} = 'kobo' and ${kobo_tabular} != 'tabular') or ${kobo_tabular} = '' and ${n_extant_populations} >= 11,,,
text,Name_pop11,Population 11 name,"If a name has not been assigned to this population in literature, please provide your own unique name here.",true,,,${n_extant_populations} >= 11,,,
select_one vw6md17,Origin_pop11,What is the origin of population 11?,"You can provide details in the comments section for this population, if needed.",false,,,${n_extant_populations} >= 11,,,
text,IntroductionYear_pop11,"When was the population introduced, translocated, re-introduced or re-inforced?",,false,,,${Origin_pop11} = 'introduced' or ${Origin_pop11} = 'reintroduced' or ${Origin_pop11} = 'supplemented',,,
decimal,Ne_pop11,What is the effective population size (Ne) for population 11? (POINT ESTIMATE),"If you have a confidence interval include it in next questions. If Ne is not known for this population, type -999",true,,"the Ne can't be negative, and only -999 is accepted if the Ne is not avilable (NA)",${ne_pops_exists} = 'ne_available',. = -999 or . > 0,,
decimal,NeLower_pop11,"If available, which is the lower limit of the Ne confidence interval for population 11?","If not available, type -999",false,,Ne lower bound can't be negative and has to be lower than Ne. Only -999 is accepted if this value is unknown (NA),${Ne_pop11} != -999 and ${Ne_pop11} != '',(. = -999  or . > 0) and . <= ${Ne_pop11},,
decimal,NeUpper_pop11,"If available, which is the upper limit of the Ne confidence interval for population 11?","If not available, type -999. If infinite, type 999 999 999",false,,Ne upper bound can't be negative and has to be larger than Ne. Only -999 is accepted if this value is unknown (NA),${Ne_pop11} != -999 and ${Ne_pop11} != '',(. = -999 or . > 0) and (. = -999 or . >= ${Ne_pop11} ),,"If the Ne estimate is infinity please use ""999,999,999"" (make sure you use 9 times the number 9)."
text,NeYear_pop11,In what year was the data used to estimate Ne collected for population 11?,"Please state the year when the sampling was done, not when it was published.",true,,,${Ne_pop11} != -999 and ${Ne_pop11} != '',,,
select_one dp0ro30,GeneticMarkers_pop11,What genetic markers were used to estimate Ne for THIS population?,,true,,,${Ne_pop11} != -999 and ${Ne_pop11} != '',,,
text,GeneticMarkersOther_pop11,"If 'Other', please explain.",,false,,,${GeneticMarkers_pop11} = 'other',,,
select_one ry7lu40,MethodNe_pop11,What method was used in calculating Ne for THIS population?,,true,,,${Ne_pop11} != -999 and ${Ne_pop11} != '',,,
text,SourceNe_pop11,Please list all relevant sources reporting on effective population size for THIS population,Please separate each source using a semicolon (;).,true,multiline,,${Ne_pop11} != -999 and ${Ne_pop11} != '',,,
select_one tw2mv60,transboundary_pop11,Is THIS population part of a transboundary population?,"Transboundary refers to its existence in one or more countries, moving across oceans, being migratory, etc.",false,,,${n_extant_populations} >= 11 and ${nc_pops_exists} = 'yes',,,
integer,percent_pop11,What percentage of THIS population is in South Africa?,Please record a number between 0-100 (use whole numbers). Enter -999 if the percentage is unknown and cannot be estimated.,false,,,${transboundary_pop11} = 'yes_transboundary',,,
select_one wt5id91,whole_or_part_pop11,"Is the census size estimated for the population as a whole (i.e., across all transboundary countries) or only for the portion within South Africa?",,false,,,${transboundary_pop11} = 'yes_transboundary',,,
select_one uz6tk65,NcType_pop11,"If there is a census population size (Nc) available, is this a range or point estimate?",,true,,,${nc_pops_exists} = 'yes',,,
text,NcYear_pop11,In what year was the Nc estimated for population 11?,"Please state the year when the sampling was done, not when it was published",false,,,${NcType_pop11} != 'unknown',,,
select_one ed5dt93,NcMethod_pop11,How was Nc calculated in THIS population?,,true,,,${nc_pops_exists} = 'yes' and ${NcType_pop11} != 'unknown',,,
select_one gn04r19,NcRange_pop11,Whats the range of the Nc for population 11?,,true,,,${NcType_pop11} = 'Nc_range',,,
text,NcRangeDetails_pop11,If a more detailed range is available please enter it here.,,false,,,${NcRange_pop11} != '' or ${NcType_pop11} = 'Nc_range',,,
integer,NcPoint_pop11,"If known, what is the census population size (Nc) for population 11? (POINT ESTIMATE)",If you have a confidence interval include it in next questions.,true,,"the Nc can't be negative, and only -999 is accepted if the Nc is not avilable (NA)",${NcType_pop11} = 'Nc_point',. = -999 or . > 0,,
decimal,NcLower_pop11,"If available, which is the LOWER limit of the Nc confidence interval for population 11?","This should be the lower value of the 95% Confidence Interval. If that is unavailable, leave this question blank and please record the confidence interval used (e.g. 90%) in the 'ANY ADDITIONAL COMMENTS OR NOTES' question at the end of the Section.",false,,the lower Nc limit can't be negative and has to be lower than the Nc. Only -999 is accepted if this value is unknown (NA),${NcPoint_pop11} != '',(. = -999 or . > 0) and . < ${NcPoint_pop11},,
decimal,NcUpper_pop11,"If available, which is the UPPER limit of the Nc confidence interval for population 11?","This should be the upper value of the 95% Confidence Interval. If that is unavailable, please record the confidence interval used (e.g. 90%) in the 'ANY ADDITIONAL COMMENTS OR NOTES' question at the end of the Section.",false,,the upper Nc limit can't be negative and has to be larger than the Nc. Only -999 is accepted if this value is unknown (NA),${NcPoint_pop11} != '',(. = -999 or. > 0) and (. = -999 or . > ${NcPoint_pop11}),,
text,SourceNc_pop11,"Please list all relevant sources of census size information (literature reference, website link, expert consultation) for THIS population",Please separate sources using a semicolon (;),true,multiline,,${nc_pops_exists} = 'yes' and ${NcType_pop11} != 'unknown',,,
text,Comments_pop11,Any additional comments or notes regarding the information that has been provided or why it could not be for population 11?,,false,,,${n_extant_populations} >= 11,,,
end_group,,,,,,,,,,
begin_group,pop12,Population 12,,false,,,(${kobo_tabular} = 'kobo' and ${kobo_tabular} != 'tabular') or ${kobo_tabular} = '' and ${n_extant_populations} >= 12,,,
text,Name_pop12,Population 12 name,"If a name has not been assigned to this population in literature, please provide your own unique name here.",true,,,${n_extant_populations} >= 12,,,
select_one vw6md17,Origin_pop12,What is the origin of population 12?,"You can provide details in the comments section for this population, if needed.",false,,,${n_extant_populations} >= 12,,,
text,IntroductionYear_pop12,"When was the population introduced, translocated, re-introduced or re-inforced?",,false,,,${Origin_pop12} = 'introduced' or ${Origin_pop12} = 'reintroduced' or ${Origin_pop12} = 'supplemented',,,
decimal,Ne_pop12,What is the effective population size (Ne) for population 12? (POINT ESTIMATE),"If you have a confidence interval include it in next questions. If Ne is not known for this population, type -999",true,,"the Ne can't be negative, and only -999 is accepted if the Ne is not avilable (NA)",${ne_pops_exists} = 'ne_available',. = -999 or . > 0,,
decimal,NeLower_pop12,"If available, which is the lower limit of the Ne confidence interval for population 12?","If not available, type -999",false,,Ne lower bound can't be negative and has to be lower than Ne. Only -999 is accepted if this value is unknown (NA),${Ne_pop12} != -999 and ${Ne_pop12} != '',(. = -999  or . > 0) and . <= ${Ne_pop12},,
decimal,NeUpper_pop12,"If available, which is the upper limit of the Ne confidence interval for population 12?","If not available, type -999. If infinite, type 999 999 999",false,,Ne upper bound can't be negative and has to be larger than Ne. Only -999 is accepted if this value is unknown (NA),${Ne_pop12} != -999 and ${Ne_pop12} != '',(. = -999 or . > 0) and (. = -999 or . >= ${Ne_pop12} ),,"If the Ne estimate is infinity please use ""999,999,999"" (make sure you use 9 times the number 9)."
text,NeYear_pop12,In what year was the data used to estimate Ne collected for population 12?,"Please state the year when the sampling was done, not when it was published.",true,,,${Ne_pop12} != -999 and ${Ne_pop12} != '',,,
select_one dp0ro30,GeneticMarkers_pop12,What genetic markers were used to estimate Ne for THIS population?,,true,,,${Ne_pop12} != -999 and ${Ne_pop12} != '',,,
text,GeneticMarkersOther_pop12,"If 'Other', please explain.",,false,,,${GeneticMarkers_pop12} = 'other',,,
select_one ry7lu40,MethodNe_pop12,What method was used in calculating Ne for THIS population?,,true,,,${Ne_pop12} != -999 and ${Ne_pop12} != '',,,
text,SourceNe_pop12,Please list all relevant sources reporting on effective population size for THIS population,Please separate each source using a semicolon (;).,true,multiline,,${Ne_pop12} != -999 and ${Ne_pop12} != '',,,
select_one tw2mv60,transboundary_pop12,Is THIS population part of a transboundary population?,"Transboundary refers to its existence in one or more countries, moving across oceans, being migratory, etc.",false,,,${n_extant_populations} >= 12 and ${nc_pops_exists} = 'yes',,,
integer,percent_pop12,What percentage of THIS population is in South Africa?,Please record a number between 0-100 (use whole numbers). Enter -999 if the percentage is unknown and cannot be estimated.,false,,,${transboundary_pop12} = 'yes_transboundary',,,
select_one wt5id91,whole_or_part_pop12,"Is the census size estimated for the population as a whole (i.e., across all transboundary countries) or only for the portion within South Africa?",,false,,,${transboundary_pop12} = 'yes_transboundary',,,
select_one uz6tk65,NcType_pop12,"If there is a census population size (Nc) available, is this a range or point estimate?",,true,,,${nc_pops_exists} = 'yes',,,
text,NcYear_pop12,In what year was the Nc estimated for population 12?,"Please state the year when the sampling was done, not when it was published",false,,,${NcType_pop12} != 'unknown',,,
select_one ed5dt93,NcMethod_pop12,How was Nc calculated in THIS population?,,true,,,${nc_pops_exists} = 'yes' and ${NcType_pop12} != 'unknown',,,
select_one gn04r19,NcRange_pop12,Whats the range of the Nc for population 12?,,true,,,${NcType_pop12} = 'Nc_range',,,
text,NcRangeDetails_pop12,If a more detailed range is available please enter it here.,,false,,,${NcRange_pop12} != '' or ${NcType_pop12} = 'Nc_range',,,
integer,NcPoint_pop12,"If known, what is the census population size (Nc) for population 12? (POINT ESTIMATE)",If you have a confidence interval include it in next questions.,true,,"the Nc can't be negative, and only -999 is accepted if the Nc is not avilable (NA)",${NcType_pop12} = 'Nc_point',. = -999 or . > 0,,
decimal,NcLower_pop12,"If available, which is the LOWER limit of the Nc confidence interval for population 12?","This should be the lower value of the 95% Confidence Interval. If that is unavailable, leave this question blank and please record the confidence interval used (e.g. 90%) in the 'ANY ADDITIONAL COMMENTS OR NOTES' question at the end of the Section.",false,,the lower Nc limit can't be negative and has to be lower than the Nc. Only -999 is accepted if this value is unknown (NA),${NcPoint_pop12} != '',(. = -999 or . > 0) and . < ${NcPoint_pop12},,
decimal,NcUpper_pop12,"If available, which is the UPPER limit of the Nc confidence interval for population 12?","This should be the upper value of the 95% Confidence Interval. If that is unavailable, please record the confidence interval used (e.g. 90%) in the 'ANY ADDITIONAL COMMENTS OR NOTES' question at the end of the Section.",false,,the upper Nc limit can't be negative and has to be larger than the Nc. Only -999 is accepted if this value is unknown (NA),${NcPoint_pop12} != '',(. = -999 or. > 0) and (. = -999 or . > ${NcPoint_pop12}),,
text,SourceNc_pop12,"Please list all relevant sources of census size information (literature reference, website link, expert consultation) for THIS population",Please separate sources using a semicolon (;),true,multiline,,${nc_pops_exists} = 'yes' and ${NcType_pop12} != 'unknown',,,
text,Comments_pop12,Any additional comments or notes regarding the information that has been provided or why it could not be for population 12?,,false,,,${n_extant_populations} >= 12,,,
end_group,,,,,,,,,,
begin_group,pop13,Population 13,,false,,,(${kobo_tabular} = 'kobo' and ${kobo_tabular} != 'tabular') or ${kobo_tabular} = '' and ${n_extant_populations} >= 13,,,
text,Name_pop13,Population 13 name,"If a name has not been assigned to this population in literature, please provide your own unique name here.",true,,,${n_extant_populations} >= 13,,,
select_one vw6md17,Origin_pop13,What is the origin of population 13?,"You can provide details in the comments section for this population, if needed.",false,,,${n_extant_populations} >= 13,,,
text,IntroductionYear_pop13,"When was the population introduced, translocated, re-introduced or re-inforced?",,false,,,${Origin_pop13} = 'introduced' or ${Origin_pop13} = 'reintroduced' or ${Origin_pop13} = 'supplemented',,,
decimal,Ne_pop13,What is the effective population size (Ne) for population 13? (POINT ESTIMATE),"If you have a confidence interval include it in next questions. If Ne is not known for this population, type -999",true,,"the Ne can't be negative, and only -999 is accepted if the Ne is not avilable (NA)",${ne_pops_exists} = 'ne_available',. = -999 or . > 0,,
decimal,NeLower_pop13,"If available, which is the lower limit of the Ne confidence interval for population 13?","If not available, type -999",false,,Ne lower bound can't be negative and has to be lower than Ne. Only -999 is accepted if this value is unknown (NA),${Ne_pop13} != -999 and ${Ne_pop13} != '',(. = -999  or . > 0) and . <= ${Ne_pop13},,
decimal,NeUpper_pop13,"If available, which is the upper limit of the Ne confidence interval for population 13?","If not available, type -999. If infinite, type 999 999 999",false,,Ne upper bound can't be negative and has to be larger than Ne. Only -999 is accepted if this value is unknown (NA),${Ne_pop13} != -999 and ${Ne_pop13} != '',(. = -999 or . > 0) and (. = -999 or . >= ${Ne_pop13} ),,"If the Ne estimate is infinity please use ""999,999,999"" (make sure you use 9 times the number 9)."
text,NeYear_pop13,In what year was the data used to estimate Ne collected for population 13?,"Please state the year when the sampling was done, not when it was published.",true,,,${Ne_pop13} != -999 and ${Ne_pop13} != '',,,
select_one dp0ro30,GeneticMarkers_pop13,What genetic markers were used to estimate Ne for THIS population?,,true,,,${Ne_pop13} != -999 and ${Ne_pop13} != '',,,
text,GeneticMarkersOther_pop13,"If 'Other', please explain.",,false,,,${GeneticMarkers_pop13} = 'other',,,
select_one ry7lu40,MethodNe_pop13,What method was used in calculating Ne for THIS population?,,true,,,${Ne_pop13} != -999 and ${Ne_pop13} != '',,,
text,SourceNe_pop13,Please list all relevant sources reporting on effective population size for THIS population,Please separate each source using a semicolon (;).,true,multiline,,${Ne_pop13} != -999 and ${Ne_pop13} != '',,,
select_one tw2mv60,transboundary_pop13,Is THIS population part of a transboundary population?,"Transboundary refers to its existence in one or more countries, moving across oceans, being migratory, etc.",false,,,${n_extant_populations} >= 13 and ${nc_pops_exists} = 'yes',,,
integer,percent_pop13,What percentage of THIS population is in South Africa?,Please record a number between 0-100 (use whole numbers). Enter -999 if the percentage is unknown and cannot be estimated.,false,,,${transboundary_pop13} = 'yes_transboundary',,,
select_one wt5id91,whole_or_part_pop13,"Is the census size estimated for the population as a whole (i.e., across all transboundary countries) or only for the portion within South Africa?",,false,,,${transboundary_pop13} = 'yes_transboundary',,,
select_one uz6tk65,NcType_pop13,"If there is a census population size (Nc) available, is this a range or point estimate?",,true,,,${nc_pops_exists} = 'yes',,,
text,NcYear_pop13,In what year was the Nc estimated for population 13?,"Please state the year when the sampling was done, not when it was published",false,,,${NcType_pop13} != 'unknown',,,
select_one ed5dt93,NcMethod_pop13,How was Nc calculated in THIS population?,,true,,,${nc_pops_exists} = 'yes' and ${NcType_pop13} != 'unknown',,,
select_one gn04r19,NcRange_pop13,Whats the range of the Nc for population 13?,,true,,,${NcType_pop13} = 'Nc_range',,,
text,NcRangeDetails_pop13,If a more detailed range is available please enter it here.,,false,,,${NcRange_pop13} != '' or ${NcType_pop13} = 'Nc_range',,,
integer,NcPoint_pop13,"If known, what is the census population size (Nc) for population 13? (POINT ESTIMATE)",If you have a confidence interval include it in next questions.,true,,"the Nc can't be negative, and only -999 is accepted if the Nc is not avilable (NA)",${NcType_pop13} = 'Nc_point',. = -999 or . > 0,,
decimal,NcLower_pop13,"If available, which is the LOWER limit of the Nc confidence interval for population 13?","This should be the lower value of the 95% Confidence Interval. If that is unavailable, leave this question blank and please record the confidence interval used (e.g. 90%) in the 'ANY ADDITIONAL COMMENTS OR NOTES' question at the end of the Section.",false,,the lower Nc limit can't be negative and has to be lower than the Nc. Only -999 is accepted if this value is unknown (NA),${NcPoint_pop13} != '',(. = -999 or . > 0) and . < ${NcPoint_pop13},,
decimal,NcUpper_pop13,"If available, which is the UPPER limit of the Nc confidence interval for population 13?","This should be the upper value of the 95% Confidence Interval. If that is unavailable, please record the confidence interval used (e.g. 90%) in the 'ANY ADDITIONAL COMMENTS OR NOTES' question at the end of the Section.",false,,the upper Nc limit can't be negative and has to be larger than the Nc. Only -999 is accepted if this value is unknown (NA),${NcPoint_pop13} != '',(. = -999 or. > 0) and (. = -999 or . > ${NcPoint_pop13}),,
text,SourceNc_pop13,"Please list all relevant sources of census size information (literature reference, website link, expert consultation) for THIS population",Please separate sources using a semicolon (;),true,multiline,,${nc_pops_exists} = 'yes' and ${NcType_pop13} != 'unknown',,,
text,Comments_pop13,Any additional comments or notes regarding the information that has been provided or why it could not be for population 13?,,false,,,${n_extant_populations} >= 13,,,
end_group,,,,,,,,,,
begin_group,pop14,Population 14,,false,,,(${kobo_tabular} = 'kobo' and ${kobo_tabular} != 'tabular') or ${kobo_tabular} = '' and ${n_extant_populations} >= 14,,,
text,Name_pop14,Population 14 name,"If a name has not been assigned to this population in literature, please provide your own unique name here.",true,,,${n_extant_populations} >= 14,,,
select_one vw6md17,Origin_pop14,What is the origin of population 14?,"You can provide details in the comments section for this population, if needed.",false,,,${n_extant_populations} >= 14,,,
text,IntroductionYear_pop14,"When was the population introduced, translocated, re-introduced or re-inforced?",,false,,,${Origin_pop14} = 'introduced' or ${Origin_pop14} = 'reintroduced' or ${Origin_pop14} = 'supplemented',,,
decimal,Ne_pop14,What is the effective population size (Ne) for population 14? (POINT ESTIMATE),"If you have a confidence interval include it in next questions. If Ne is not known for this population, type -999",true,,"the Ne can't be negative, and only -999 is accepted if the Ne is not avilable (NA)",${ne_pops_exists} = 'ne_available',. = -999 or . > 0,,
decimal,NeLower_pop14,"If available, which is the lower limit of the Ne confidence interval for population 14?","If not available, type -999",false,,Ne lower bound can't be negative and has to be lower than Ne. Only -999 is accepted if this value is unknown (NA),${Ne_pop14} != -999 and ${Ne_pop14} != '',(. = -999  or . > 0) and . <= ${Ne_pop14},,
decimal,NeUpper_pop14,"If available, which is the upper limit of the Ne confidence interval for population 14?","If not available, type -999. If infinite, type 999 999 999",false,,Ne upper bound can't be negative and has to be larger than Ne. Only -999 is accepted if this value is unknown (NA),${Ne_pop14} != -999 and ${Ne_pop14} != '',(. = -999 or . > 0) and (. = -999 or . >= ${Ne_pop14} ),,"If the Ne estimate is infinity please use ""999,999,999"" (make sure you use 9 times the number 9)."
text,NeYear_pop14,In what year was the data used to estimate Ne collected for population 14?,"Please state the year when the sampling was done, not when it was published.",true,,,${Ne_pop14} != -999 and ${Ne_pop14} != '',,,
select_one dp0ro30,GeneticMarkers_pop14,What genetic markers were used to estimate Ne for THIS population?,,true,,,${Ne_pop14} != -999 and ${Ne_pop14} != '',,,
text,GeneticMarkersOther_pop14,"If 'Other', please explain.",,false,,,${GeneticMarkers_pop14} = 'other',,,
select_one ry7lu40,MethodNe_pop14,What method was used in calculating Ne for THIS population?,,true,,,${Ne_pop14} != -999 and ${Ne_pop14} != '',,,
text,SourceNe_pop14,Please list all relevant sources reporting on effective population size for THIS population,Please separate each source using a semicolon (;).,true,multiline,,${Ne_pop14} != -999 and ${Ne_pop14} != '',,,
select_one tw2mv60,transboundary_pop14,Is THIS population part of a transboundary population?,"Transboundary refers to its existence in one or more countries, moving across oceans, being migratory, etc.",false,,,${n_extant_populations} >= 14 and ${nc_pops_exists} = 'yes',,,
integer,percent_pop14,What percentage of THIS population is in South Africa?,Please record a number between 0-100 (use whole numbers). Enter -999 if the percentage is unknown and cannot be estimated.,false,,,${transboundary_pop14} = 'yes_transboundary',,,
select_one wt5id91,whole_or_part_pop14,"Is the census size estimated for the population as a whole (i.e., across all transboundary countries) or only for the portion within South Africa?",,false,,,${transboundary_pop14} = 'yes_transboundary',,,
select_one uz6tk65,NcType_pop14,"If there is a census population size (Nc) available, is this a range or point estimate?",,true,,,${nc_pops_exists} = 'yes',,,
text,NcYear_pop14,In what year was the Nc estimated for population 14?,"Please state the year when the sampling was done, not when it was published",false,,,${NcType_pop14} != 'unknown',,,
select_one ed5dt93,NcMethod_pop14,How was Nc calculated in THIS population?,,true,,,${nc_pops_exists} = 'yes' and ${NcType_pop14} != 'unknown',,,
select_one gn04r19,NcRange_pop14,Whats the range of the Nc for population 14?,,true,,,${NcType_pop14} = 'Nc_range',,,
text,NcRangeDetails_pop14,If a more detailed range is available please enter it here.,,false,,,${NcRange_pop14} != '' or ${NcType_pop14} = 'Nc_range',,,
integer,NcPoint_pop14,"If known, what is the census population size (Nc) for population 14? (POINT ESTIMATE)",If you have a confidence interval include it in next questions.,true,,"the Nc can't be negative, and only -999 is accepted if the Nc is not avilable (NA)",${NcType_pop14} = 'Nc_point',. = -999 or . > 0,,
decimal,NcLower_pop14,"If available, which is the LOWER limit of the Nc confidence interval for population 14?","This should be the lower value of the 95% Confidence Interval. If that is unavailable, leave this question blank and please record the confidence interval used (e.g. 90%) in the 'ANY ADDITIONAL COMMENTS OR NOTES' question at the end of the Section.",false,,the lower Nc limit can't be negative and has to be lower than the Nc. Only -999 is accepted if this value is unknown (NA),${NcPoint_pop14} != '',(. = -999 or . > 0) and . < ${NcPoint_pop14},,
decimal,NcUpper_pop14,"If available, which is the UPPER limit of the Nc confidence interval for population 14?","This should be the upper value of the 95% Confidence Interval. If that is unavailable, please record the confidence interval used (e.g. 90%) in the 'ANY ADDITIONAL COMMENTS OR NOTES' question at the end of the Section.",false,,the upper Nc limit can't be negative and has to be larger than the Nc. Only -999 is accepted if this value is unknown (NA),${NcPoint_pop14} != '',(. = -999 or. > 0) and (. = -999 or . > ${NcPoint_pop14}),,
text,SourceNc_pop14,"Please list all relevant sources of census size information (literature reference, website link, expert consultation) for THIS population",Please separate sources using a semicolon (;),true,multiline,,${nc_pops_exists} = 'yes' and ${NcType_pop14} != 'unknown',,,
text,Comments_pop14,Any additional comments or notes regarding the information that has been provided or why it could not be for population 14?,,false,,,${n_extant_populations} >= 14,,,
end_group,,,,,,,,,,
begin_group,pop15,Population 15,,false,,,(${kobo_tabular} = 'kobo' and ${kobo_tabular} != 'tabular') or ${kobo_tabular} = '' and ${n_extant_populations} >= 15,,,
text,Name_pop15,Population 15 name,"If a name has not been assigned to this population in literature, please provide your own unique name here.",true,,,${n_extant_populations} >= 15,,,
select_one vw6md17,Origin_pop15,What is the origin of population 15?,"You can provide details in the comments section for this population, if needed.",false,,,${n_extant_populations} >= 15,,,
text,IntroductionYear_pop15,"When was the population introduced, translocated, re-introduced or re-inforced?",,false,,,${Origin_pop15} = 'introduced' or ${Origin_pop15} = 'reintroduced' or ${Origin_pop15} = 'supplemented',,,
decimal,Ne_pop15,What is the effective population size (Ne) for population 15? (POINT ESTIMATE),"If you have a confidence interval include it in next questions. If Ne is not known for this population, type -999",true,,"the Ne can't be negative, and only -999 is accepted if the Ne is not avilable (NA)",${ne_pops_exists} = 'ne_available',. = -999 or . > 0,,
decimal,NeLower_pop15,"If available, which is the lower limit of the Ne confidence interval for population 15?","If not available, type -999",false,,Ne lower bound can't be negative and has to be lower than Ne. Only -999 is accepted if this value is unknown (NA),${Ne_pop15} != -999 and ${Ne_pop15} != '',(. = -999  or . > 0) and . <= ${Ne_pop15},,
decimal,NeUpper_pop15,"If available, which is the upper limit of the Ne confidence interval for population 15?","If not available, type -999. If infinite, type 999 999 999",false,,Ne upper bound can't be negative and has to be larger than Ne. Only -999 is accepted if this value is unknown (NA),${Ne_pop15} != -999 and ${Ne_pop15} != '',(. = -999 or . > 0) and (. = -999 or . >= ${Ne_pop15} ),,"If the Ne estimate is infinity please use ""999,999,999"" (make sure you use 9 times the number 9)."
text,NeYear_pop15,In what year was the data used to estimate Ne collected for population 15?,"Please state the year when the sampling was done, not when it was published.",true,,,${Ne_pop15} != -999 and ${Ne_pop15} != '',,,
select_one dp0ro30,GeneticMarkers_pop15,What genetic markers were used to estimate Ne for THIS population?,,true,,,${Ne_pop15} != -999 and ${Ne_pop15} != '',,,
text,GeneticMarkersOther_pop15,"If 'Other', please explain.",,false,,,${GeneticMarkers_pop15} = 'other',,,
select_one ry7lu40,MethodNe_pop15,What method was used in calculating Ne for THIS population?,,true,,,${Ne_pop15} != -999 and ${Ne_pop15} != '',,,
text,SourceNe_pop15,Please list all relevant sources reporting on effective population size for THIS population,Please separate each source using a semicolon (;).,true,multiline,,${Ne_pop15} != -999 and ${Ne_pop15} != '',,,
select_one tw2mv60,transboundary_pop15,Is THIS population part of a transboundary population?,"Transboundary refers to its existence in one or more countries, moving across oceans, being migratory, etc.",false,,,${n_extant_populations} >= 15 and ${nc_pops_exists} = 'yes',,,
integer,percent_pop15,What percentage of THIS population is in South Africa?,Please record a number between 0-100 (use whole numbers). Enter -999 if the percentage is unknown and cannot be estimated.,false,,,${transboundary_pop15} = 'yes_transboundary',,,
select_one wt5id91,whole_or_part_pop15,"Is the census size estimated for the population as a whole (i.e., across all transboundary countries) or only for the portion within South Africa?",,false,,,${transboundary_pop15} = 'yes_transboundary',,,
select_one uz6tk65,NcType_pop15,"If there is a census population size (Nc) available, is this a range or point estimate?",,true,,,${nc_pops_exists} = 'yes',,,
text,NcYear_pop15,In what year was the Nc estimated for population 15?,"Please state the year when the sampling was done, not when it was published",false,,,${NcType_pop15} != 'unknown',,,
select_one ed5dt93,NcMethod_pop15,How was Nc calculated in THIS population?,,true,,,${nc_pops_exists} = 'yes' and ${NcType_pop15} != 'unknown',,,
select_one gn04r19,NcRange_pop15,Whats the range of the Nc for population 15?,,true,,,${NcType_pop15} = 'Nc_range',,,
text,NcRangeDetails_pop15,If a more detailed range is available please enter it here.,,false,,,${NcRange_pop15} != '' or ${NcType_pop15} = 'Nc_range',,,
integer,NcPoint_pop15,"If known, what is the census population size (Nc) for population 15? (POINT ESTIMATE)",If you have a confidence interval include it in next questions.,true,,"the Nc can't be negative, and only -999 is accepted if the Nc is not avilable (NA)",${NcType_pop15} = 'Nc_point',. = -999 or . > 0,,
decimal,NcLower_pop15,"If available, which is the LOWER limit of the Nc confidence interval for population 15?","This should be the lower value of the 95% Confidence Interval. If that is unavailable, leave this question blank and please record the confidence interval used (e.g. 90%) in the 'ANY ADDITIONAL COMMENTS OR NOTES' question at the end of the Section.",false,,the lower Nc limit can't be negative and has to be lower than the Nc. Only -999 is accepted if this value is unknown (NA),${NcPoint_pop15} != '',(. = -999 or . > 0) and . < ${NcPoint_pop15},,
decimal,NcUpper_pop15,"If available, which is the UPPER limit of the Nc confidence interval for population 15?","This should be the upper value of the 95% Confidence Interval. If that is unavailable, please record the confidence interval used (e.g. 90%) in the 'ANY ADDITIONAL COMMENTS OR NOTES' question at the end of the Section.",false,,the upper Nc limit can't be negative and has to be larger than the Nc. Only -999 is accepted if this value is unknown (NA),${NcPoint_pop15} != '',(. = -999 or. > 0) and (. = -999 or . > ${NcPoint_pop15}),,
text,SourceNc_pop15,"Please list all relevant sources of census size information (literature reference, website link, expert consultation) for THIS population",Please separate sources using a semicolon (;),true,multiline,,${nc_pops_exists} = 'yes' and ${NcType_pop15} != 'unknown',,,
text,Comments_pop15,Any additional comments or notes regarding the information that has been provided or why it could not be for population 15?,,false,,,${n_extant_populations} >= 15,,,
end_group,,,,,,,,,,
begin_group,pop16,Population 16,,false,,,(${kobo_tabular} = 'kobo' and ${kobo_tabular} != 'tabular') or ${kobo_tabular} = '' and ${n_extant_populations} >= 16,,,
text,Name_pop16,Population 16 name,"If a name has not been assigned to this population in literature, please provide your own unique name here.",true,,,${n_extant_populations} >= 16,,,
select_one vw6md17,Origin_pop16,What is the origin of population 16?,"You can provide details in the comments section for this population, if needed.",false,,,${n_extant_populations} >= 16,,,
text,IntroductionYear_pop16,"When was the population introduced, translocated, re-introduced or re-inforced?",,false,,,${Origin_pop16} = 'introduced' or ${Origin_pop16} = 'reintroduced' or ${Origin_pop16} = 'supplemented',,,
decimal,Ne_pop16,What is the effective population size (Ne) for population 16? (POINT ESTIMATE),"If you have a confidence interval include it in next questions. If Ne is not known for this population, type -999",true,,"the Ne can't be negative, and only -999 is accepted if the Ne is not avilable (NA)",${ne_pops_exists} = 'ne_available',. = -999 or . > 0,,
decimal,NeLower_pop16,"If available, which is the lower limit of the Ne confidence interval for population 16?","If not available, type -999",false,,Ne lower bound can't be negative and has to be lower than Ne. Only -999 is accepted if this value is unknown (NA),${Ne_pop16} != -999 and ${Ne_pop16} != '',(. = -999  or . > 0) and . <= ${Ne_pop16},,
decimal,NeUpper_pop16,"If available, which is the upper limit of the Ne confidence interval for population 16?","If not available, type -999. If infinite, type 999 999 999",false,,Ne upper bound can't be negative and has to be larger than Ne. Only -999 is accepted if this value is unknown (NA),${Ne_pop16} != -999 and ${Ne_pop16} != '',(. = -999 or . > 0) and (. = -999 or . >= ${Ne_pop16} ),,"If the Ne estimate is infinity please use ""999,999,999"" (make sure you use 9 times the number 9)."
text,NeYear_pop16,In what year was the data used to estimate Ne collected for population 16?,"Please state the year when the sampling was done, not when it was published.",true,,,${Ne_pop16} != -999 and ${Ne_pop16} != '',,,
select_one dp0ro30,GeneticMarkers_pop16,What genetic markers were used to estimate Ne for THIS population?,,true,,,${Ne_pop16} != -999 and ${Ne_pop16} != '',,,
text,GeneticMarkersOther_pop16,"If 'Other', please explain.",,false,,,${GeneticMarkers_pop16} = 'other',,,
select_one ry7lu40,MethodNe_pop16,What method was used in calculating Ne for THIS population?,,true,,,${Ne_pop16} != -999 and ${Ne_pop16} != '',,,
text,SourceNe_pop16,Please list all relevant sources reporting on effective population size for THIS population,Please separate each source using a semicolon (;).,true,multiline,,${Ne_pop16} != -999 and ${Ne_pop16} != '',,,
select_one tw2mv60,transboundary_pop16,Is THIS population part of a transboundary population?,"Transboundary refers to its existence in one or more countries, moving across oceans, being migratory, etc.",false,,,${n_extant_populations} >= 16 and ${nc_pops_exists} = 'yes',,,
integer,percent_pop16,What percentage of THIS population is in South Africa?,Please record a number between 0-100 (use whole numbers). Enter -999 if the percentage is unknown and cannot be estimated.,false,,,${transboundary_pop16} = 'yes_transboundary',,,
select_one wt5id91,whole_or_part_pop16,"Is the census size estimated for the population as a whole (i.e., across all transboundary countries) or only for the portion within South Africa?",,false,,,${transboundary_pop16} = 'yes_transboundary',,,
select_one uz6tk65,NcType_pop16,"If there is a census population size (Nc) available, is this a range or point estimate?",,true,,,${nc_pops_exists} = 'yes',,,
text,NcYear_pop16,In what year was the Nc estimated for population 16?,"Please state the year when the sampling was done, not when it was published",false,,,${NcType_pop16} != 'unknown',,,
select_one ed5dt93,NcMethod_pop16,How was Nc calculated in THIS population?,,true,,,${nc_pops_exists} = 'yes' and ${NcType_pop16} != 'unknown',,,
select_one gn04r19,NcRange_pop16,Whats the range of the Nc for population 16?,,true,,,${NcType_pop16} = 'Nc_range',,,
text,NcRangeDetails_pop16,If a more detailed range is available please enter it here.,,false,,,${NcRange_pop16} != '' or ${NcType_pop16} = 'Nc_range',,,
integer,NcPoint_pop16,"If known, what is the census population size (Nc) for population 16? (POINT ESTIMATE)",If you have a confidence interval include it in next questions.,true,,"the Nc can't be negative, and only -999 is accepted if the Nc is not avilable (NA)",${NcType_pop16} = 'Nc_point',. = -999 or . > 0,,
decimal,NcLower_pop16,"If available, which is the LOWER limit of the Nc confidence interval for population 16?","This should be the lower value of the 95% Confidence Interval. If that is unavailable, leave this question blank and please record the confidence interval used (e.g. 90%) in the 'ANY ADDITIONAL COMMENTS OR NOTES' question at the end of the Section.",false,,the lower Nc limit can't be negative and has to be lower than the Nc. Only -999 is accepted if this value is unknown (NA),${NcPoint_pop16} != '',(. = -999 or . > 0) and . < ${NcPoint_pop16},,
decimal,NcUpper_pop16,"If available, which is the UPPER limit of the Nc confidence interval for population 16?","This should be the upper value of the 95% Confidence Interval. If that is unavailable, please record the confidence interval used (e.g. 90%) in the 'ANY ADDITIONAL COMMENTS OR NOTES' question at the end of the Section.",false,,the upper Nc limit can't be negative and has to be larger than the Nc. Only -999 is accepted if this value is unknown (NA),${NcPoint_pop16} != '',(. = -999 or. > 0) and (. = -999 or . > ${NcPoint_pop16}),,
text,SourceNc_pop16,"Please list all relevant sources of census size information (literature reference, website link, expert consultation) for THIS population",Please separate sources using a semicolon (;),true,multiline,,${nc_pops_exists} = 'yes' and ${NcType_pop16} != 'unknown',,,
text,Comments_pop16,Any additional comments or notes regarding the information that has been provided or why it could not be for population 16?,,false,,,${n_extant_populations} >= 16,,,
end_group,,,,,,,,,,
begin_group,pop17,Population 17,,false,,,(${kobo_tabular} = 'kobo' and ${kobo_tabular} != 'tabular') or ${kobo_tabular} = '' and ${n_extant_populations} >= 17,,,
text,Name_pop17,Population 17 name,"If a name has not been assigned to this population in literature, please provide your own unique name here.",true,,,${n_extant_populations} >= 17,,,
select_one vw6md17,Origin_pop17,What is the origin of population 17?,"You can provide details in the comments section for this population, if needed.",false,,,${n_extant_populations} >= 17,,,
text,IntroductionYear_pop17,"When was the population introduced, translocated, re-introduced or re-inforced?",,false,,,${Origin_pop17} = 'introduced' or ${Origin_pop17} = 'reintroduced' or ${Origin_pop17} = 'supplemented',,,
decimal,Ne_pop17,What is the effective population size (Ne) for population 17? (POINT ESTIMATE),"If you have a confidence interval include it in next questions. If Ne is not known for this population, type -999",true,,"the Ne can't be negative, and only -999 is accepted if the Ne is not avilable (NA)",${ne_pops_exists} = 'ne_available',. = -999 or . > 0,,
decimal,NeLower_pop17,"If available, which is the lower limit of the Ne confidence interval for population 17?","If not available, type -999",false,,Ne lower bound can't be negative and has to be lower than Ne. Only -999 is accepted if this value is unknown (NA),${Ne_pop17} != -999 and ${Ne_pop17} != '',(. = -999  or . > 0) and . <= ${Ne_pop17},,
decimal,NeUpper_pop17,"If available, which is the upper limit of the Ne confidence interval for population 17?","If not available, type -999. If infinite, type 999 999 999",false,,Ne upper bound can't be negative and has to be larger than Ne. Only -999 is accepted if this value is unknown (NA),${Ne_pop17} != -999 and ${Ne_pop17} != '',(. = -999 or . > 0) and (. = -999 or . >= ${Ne_pop17} ),,"If the Ne estimate is infinity please use ""999,999,999"" (make sure you use 9 times the number 9)."
text,NeYear_pop17,In what year was the data used to estimate Ne collected for population 17?,"Please state the year when the sampling was done, not when it was published.",true,,,${Ne_pop17} != -999 and ${Ne_pop17} != '',,,
select_one dp0ro30,GeneticMarkers_pop17,What genetic markers were used to estimate Ne for THIS population?,,true,,,${Ne_pop17} != -999 and ${Ne_pop17} != '',,,
text,GeneticMarkersOther_pop17,"If 'Other', please explain.",,false,,,${GeneticMarkers_pop17} = 'other',,,
select_one ry7lu40,MethodNe_pop17,What method was used in calculating Ne for THIS population?,,true,,,${Ne_pop17} != -999 and ${Ne_pop17} != '',,,
text,SourceNe_pop17,Please list all relevant sources reporting on effective population size for THIS population,Please separate each source using a semicolon (;).,true,multiline,,${Ne_pop17} != -999 and ${Ne_pop17} != '',,,
select_one tw2mv60,transboundary_pop17,Is THIS population part of a transboundary population?,"Transboundary refers to its existence in one or more countries, moving across oceans, being migratory, etc.",false,,,${n_extant_populations} >= 17 and ${nc_pops_exists} = 'yes',,,
integer,percent_pop17,What percentage of THIS population is in South Africa?,Please record a number between 0-100 (use whole numbers). Enter -999 if the percentage is unknown and cannot be estimated.,false,,,${transboundary_pop17} = 'yes_transboundary',,,
select_one wt5id91,whole_or_part_pop17,"Is the census size estimated for the population as a whole (i.e., across all transboundary countries) or only for the portion within South Africa?",,false,,,${transboundary_pop17} = 'yes_transboundary',,,
select_one uz6tk65,NcType_pop17,"If there is a census population size (Nc) available, is this a range or point estimate?",,true,,,${nc_pops_exists} = 'yes',,,
text,NcYear_pop17,In what year was the Nc estimated for population 17?,"Please state the year when the sampling was done, not when it was published",false,,,${NcType_pop17} != 'unknown',,,
select_one ed5dt93,NcMethod_pop17,How was Nc calculated in THIS population?,,true,,,${nc_pops_exists} = 'yes' and ${NcType_pop17} != 'unknown',,,
select_one gn04r19,NcRange_pop17,Whats the range of the Nc for population 17?,,true,,,${NcType_pop17} = 'Nc_range',,,
text,NcRangeDetails_pop17,If a more detailed range is available please enter it here.,,false,,,${NcRange_pop17} != '' or ${NcType_pop17} = 'Nc_range',,,
integer,NcPoint_pop17,"If known, what is the census population size (Nc) for population 17? (POINT ESTIMATE)",If you have a confidence interval include it in next questions.,true,,"the Nc can't be negative, and only -999 is accepted if the Nc is not avilable (NA)",${NcType_pop17} = 'Nc_point',. = -999 or . > 0,,
decimal,NcLower_pop17,"If available, which is the LOWER limit of the Nc confidence interval for population 17?","This should be the lower value of the 95% Confidence Interval. If that is unavailable, leave this question blank and please record the confidence interval used (e.g. 90%) in the 'ANY ADDITIONAL COMMENTS OR NOTES' question at the end of the Section.",false,,the lower Nc limit can't be negative and has to be lower than the Nc. Only -999 is accepted if this value is unknown (NA),${NcPoint_pop17} != '',(. = -999 or . > 0) and . < ${NcPoint_pop17},,
decimal,NcUpper_pop17,"If available, which is the UPPER limit of the Nc confidence interval for population 17?","This should be the upper value of the 95% Confidence Interval. If that is unavailable, please record the confidence interval used (e.g. 90%) in the 'ANY ADDITIONAL COMMENTS OR NOTES' question at the end of the Section.",false,,the upper Nc limit can't be negative and has to be larger than the Nc. Only -999 is accepted if this value is unknown (NA),${NcPoint_pop17} != '',(. = -999 or. > 0) and (. = -999 or . > ${NcPoint_pop17}),,
text,SourceNc_pop17,"Please list all relevant sources of census size information (literature reference, website link, expert consultation) for THIS population",Please separate sources using a semicolon (;),true,multiline,,${nc_pops_exists} = 'yes' and ${NcType_pop17} != 'unknown',,,
text,Comments_pop17,Any additional comments or notes regarding the information that has been provided or why it could not be for population 17?,,false,,,${n_extant_populations} >= 17,,,
end_group,,,,,,,,,,
begin_group,pop18,Population 18,,false,,,(${kobo_tabular} = 'kobo' and ${kobo_tabular} != 'tabular') or ${kobo_tabular} = '' and ${n_extant_populations} >= 18,,,
text,Name_pop18,Population 18 name,"If a name has not been assigned to this population in literature, please provide your own unique name here.",true,,,${n_extant_populations} >= 18,,,
select_one vw6md17,Origin_pop18,What is the origin of population 18?,"You can provide details in the comments section for this population, if needed.",false,,,${n_extant_populations} >= 18,,,
text,IntroductionYear_pop18,"When was the population introduced, translocated, re-introduced or re-inforced?",,false,,,${Origin_pop18} = 'introduced' or ${Origin_pop18} = 'reintroduced' or ${Origin_pop18} = 'supplemented',,,
decimal,Ne_pop18,What is the effective population size (Ne) for population 18? (POINT ESTIMATE),"If you have a confidence interval include it in next questions. If Ne is not known for this population, type -999",true,,"the Ne can't be negative, and only -999 is accepted if the Ne is not avilable (NA)",${ne_pops_exists} = 'ne_available',. = -999 or . > 0,,
decimal,NeLower_pop18,"If available, which is the lower limit of the Ne confidence interval for population 18?","If not available, type -999",false,,Ne lower bound can't be negative and has to be lower than Ne. Only -999 is accepted if this value is unknown (NA),${Ne_pop18} != -999 and ${Ne_pop18} != '',(. = -999  or . > 0) and . <= ${Ne_pop18},,
decimal,NeUpper_pop18,"If available, which is the upper limit of the Ne confidence interval for population 18?","If not available, type -999. If infinite, type 999 999 999",false,,Ne upper bound can't be negative and has to be larger than Ne. Only -999 is accepted if this value is unknown (NA),${Ne_pop18} != -999 and ${Ne_pop18} != '',(. = -999 or . > 0) and (. = -999 or . >= ${Ne_pop18} ),,"If the Ne estimate is infinity please use ""999,999,999"" (make sure you use 9 times the number 9)."
text,NeYear_pop18,In what year was the data used to estimate Ne collected for population 18?,"Please state the year when the sampling was done, not when it was published.",true,,,${Ne_pop18} != -999 and ${Ne_pop18} != '',,,
select_one dp0ro30,GeneticMarkers_pop18,What genetic markers were used to estimate Ne for THIS population?,,true,,,${Ne_pop18} != -999 and ${Ne_pop18} != '',,,
text,GeneticMarkersOther_pop18,"If 'Other', please explain.",,false,,,${GeneticMarkers_pop18} = 'other',,,
select_one ry7lu40,MethodNe_pop18,What method was used in calculating Ne for THIS population?,,true,,,${Ne_pop18} != -999 and ${Ne_pop18} != '',,,
text,SourceNe_pop18,Please list all relevant sources reporting on effective population size for THIS population,Please separate each source using a semicolon (;).,true,multiline,,${Ne_pop18} != -999 and ${Ne_pop18} != '',,,
select_one tw2mv60,transboundary_pop18,Is THIS population part of a transboundary population?,"Transboundary refers to its existence in one or more countries, moving across oceans, being migratory, etc.",false,,,${n_extant_populations} >= 18 and ${nc_pops_exists} = 'yes',,,
integer,percent_pop18,What percentage of THIS population is in South Africa?,Please record a number between 0-100 (use whole numbers). Enter -999 if the percentage is unknown and cannot be estimated.,false,,,${transboundary_pop18} = 'yes_transboundary',,,
select_one wt5id91,whole_or_part_pop18,"Is the census size estimated for the population as a whole (i.e., across all transboundary countries) or only for the portion within South Africa?",,false,,,${transboundary_pop18} = 'yes_transboundary',,,
select_one uz6tk65,NcType_pop18,"If there is a census population size (Nc) available, is this a range or point estimate?",,true,,,${nc_pops_exists} = 'yes',,,
text,NcYear_pop18,In what year was the Nc estimated for population 18?,"Please state the year when the sampling was done, not when it was published",false,,,${NcType_pop18} != 'unknown',,,
select_one ed5dt93,NcMethod_pop18,How was Nc calculated in THIS population?,,true,,,${nc_pops_exists} = 'yes' and ${NcType_pop18} != 'unknown',,,
select_one gn04r19,NcRange_pop18,Whats the range of the Nc for population 18?,,true,,,${NcType_pop18} = 'Nc_range',,,
text,NcRangeDetails_pop18,If a more detailed range is available please enter it here.,,false,,,${NcRange_pop18} != '' or ${NcType_pop18} = 'Nc_range',,,
integer,NcPoint_pop18,"If known, what is the census population size (Nc) for population 18? (POINT ESTIMATE)",If you have a confidence interval include it in next questions.,true,,"the Nc can't be negative, and only -999 is accepted if the Nc is not avilable (NA)",${NcType_pop18} = 'Nc_point',. = -999 or . > 0,,
decimal,NcLower_pop18,"If available, which is the LOWER limit of the Nc confidence interval for population 18?","This should be the lower value of the 95% Confidence Interval. If that is unavailable, leave this question blank and please record the confidence interval used (e.g. 90%) in the 'ANY ADDITIONAL COMMENTS OR NOTES' question at the end of the Section.",false,,the lower Nc limit can't be negative and has to be lower than the Nc. Only -999 is accepted if this value is unknown (NA),${NcPoint_pop18} != '',(. = -999 or . > 0) and . < ${NcPoint_pop18},,
decimal,NcUpper_pop18,"If available, which is the UPPER limit of the Nc confidence interval for population 18?","This should be the upper value of the 95% Confidence Interval. If that is unavailable, please record the confidence interval used (e.g. 90%) in the 'ANY ADDITIONAL COMMENTS OR NOTES' question at the end of the Section.",false,,the upper Nc limit can't be negative and has to be larger than the Nc. Only -999 is accepted if this value is unknown (NA),${NcPoint_pop18} != '',(. = -999 or. > 0) and (. = -999 or . > ${NcPoint_pop18}),,
text,SourceNc_pop18,"Please list all relevant sources of census size information (literature reference, website link, expert consultation) for THIS population",Please separate sources using a semicolon (;),true,multiline,,${nc_pops_exists} = 'yes' and ${NcType_pop18} != 'unknown',,,
text,Comments_pop18,Any additional comments or notes regarding the information that has been provided or why it could not be for population 18?,,false,,,${n_extant_populations} >= 18,,,
end_group,,,,,,,,,,
begin_group,pop19,Population 19,,false,,,(${kobo_tabular} = 'kobo' and ${kobo_tabular} != 'tabular') or ${kobo_tabular} = '' and ${n_extant_populations} >= 19,,,
text,Name_pop19,Population 19 name,"If a name has not been assigned to this population in literature, please provide your own unique name here.",true,,,${n_extant_populations} >= 19,,,
select_one vw6md17,Origin_pop19,What is the origin of population 19?,"You can provide details in the comments section for this population, if needed.",false,,,${n_extant_populations} >= 19,,,
text,IntroductionYear_pop19,"When was the population introduced, translocated, re-introduced or re-inforced?",,false,,,${Origin_pop19} = 'introduced' or ${Origin_pop19} = 'reintroduced' or ${Origin_pop19} = 'supplemented',,,
decimal,Ne_pop19,What is the effective population size (Ne) for population 19? (POINT ESTIMATE),"If you have a confidence interval include it in next questions. If Ne is not known for this population, type -999",true,,"the Ne can't be negative, and only -999 is accepted if the Ne is not avilable (NA)",${ne_pops_exists} = 'ne_available',. = -999 or . > 0,,
decimal,NeLower_pop19,"If available, which is the lower limit of the Ne confidence interval for population 19?","If not available, type -999",false,,Ne lower bound can't be negative and has to be lower than Ne. Only -999 is accepted if this value is unknown (NA),${Ne_pop19} != -999 and ${Ne_pop19} != '',(. = -999  or . > 0) and . <= ${Ne_pop19},,
decimal,NeUpper_pop19,"If available, which is the upper limit of the Ne confidence interval for population 19?","If not available, type -999. If infinite, type 999 999 999",false,,Ne upper bound can't be negative and has to be larger than Ne. Only -999 is accepted if this value is unknown (NA),${Ne_pop19} != -999 and ${Ne_pop19} != '',(. = -999 or . > 0) and (. = -999 or . >= ${Ne_pop19} ),,"If the Ne estimate is infinity please use ""999,999,999"" (make sure you use 9 times the number 9)."
text,NeYear_pop19,In what year was the data used to estimate Ne collected for population 19?,"Please state the year when the sampling was done, not when it was published.",true,,,${Ne_pop19} != -999 and ${Ne_pop19} != '',,,
select_one dp0ro30,GeneticMarkers_pop19,What genetic markers were used to estimate Ne for THIS population?,,true,,,${Ne_pop19} != -999 and ${Ne_pop19} != '',,,
text,GeneticMarkersOther_pop19,"If 'Other', please explain.",,false,,,${GeneticMarkers_pop19} = 'other',,,
select_one ry7lu40,MethodNe_pop19,What method was used in calculating Ne for THIS population?,,true,,,${Ne_pop19} != -999 and ${Ne_pop19} != '',,,
text,SourceNe_pop19,Please list all relevant sources reporting on effective population size for THIS population,Please separate each source using a semicolon (;).,true,multiline,,${Ne_pop19} != -999 and ${Ne_pop19} != '',,,
select_one tw2mv60,transboundary_pop19,Is THIS population part of a transboundary population?,"Transboundary refers to its existence in one or more countries, moving across oceans, being migratory, etc.",false,,,${n_extant_populations} >= 19 and ${nc_pops_exists} = 'yes',,,
integer,percent_pop19,What percentage of THIS population is in South Africa?,Please record a number between 0-100 (use whole numbers). Enter -999 if the percentage is unknown and cannot be estimated.,false,,,${transboundary_pop19} = 'yes_transboundary',,,
select_one wt5id91,whole_or_part_pop19,"Is the census size estimated for the population as a whole (i.e., across all transboundary countries) or only for the portion within South Africa?",,false,,,${transboundary_pop19} = 'yes_transboundary',,,
select_one uz6tk65,NcType_pop19,"If there is a census population size (Nc) available, is this a range or point estimate?",,true,,,${nc_pops_exists} = 'yes',,,
text,NcYear_pop19,In what year was the Nc estimated for population 19?,"Please state the year when the sampling was done, not when it was published",false,,,${NcType_pop19} != 'unknown',,,
select_one ed5dt93,NcMethod_pop19,How was Nc calculated in THIS population?,,true,,,${nc_pops_exists} = 'yes' and ${NcType_pop19} != 'unknown',,,
select_one gn04r19,NcRange_pop19,Whats the range of the Nc for population 19?,,true,,,${NcType_pop19} = 'Nc_range',,,
text,NcRangeDetails_pop19,If a more detailed range is available please enter it here.,,false,,,${NcRange_pop19} != '' or ${NcType_pop19} = 'Nc_range',,,
integer,NcPoint_pop19,"If known, what is the census population size (Nc) for population 19? (POINT ESTIMATE)",If you have a confidence interval include it in next questions.,true,,"the Nc can't be negative, and only -999 is accepted if the Nc is not avilable (NA)",${NcType_pop19} = 'Nc_point',. = -999 or . > 0,,
decimal,NcLower_pop19,"If available, which is the LOWER limit of the Nc confidence interval for population 19?","This should be the lower value of the 95% Confidence Interval. If that is unavailable, leave this question blank and please record the confidence interval used (e.g. 90%) in the 'ANY ADDITIONAL COMMENTS OR NOTES' question at the end of the Section.",false,,the lower Nc limit can't be negative and has to be lower than the Nc. Only -999 is accepted if this value is unknown (NA),${NcPoint_pop19} != '',(. = -999 or . > 0) and . < ${NcPoint_pop19},,
decimal,NcUpper_pop19,"If available, which is the UPPER limit of the Nc confidence interval for population 19?","This should be the upper value of the 95% Confidence Interval. If that is unavailable, please record the confidence interval used (e.g. 90%) in the 'ANY ADDITIONAL COMMENTS OR NOTES' question at the end of the Section.",false,,the upper Nc limit can't be negative and has to be larger than the Nc. Only -999 is accepted if this value is unknown (NA),${NcPoint_pop19} != '',(. = -999 or. > 0) and (. = -999 or . > ${NcPoint_pop19}),,
text,SourceNc_pop19,"Please list all relevant sources of census size information (literature reference, website link, expert consultation) for THIS population",Please separate sources using a semicolon (;),true,multiline,,${nc_pops_exists} = 'yes' and ${NcType_pop19} != 'unknown',,,
text,Comments_pop19,Any additional comments or notes regarding the information that has been provided or why it could not be for population 19?,,false,,,${n_extant_populations} >= 19,,,
end_group,,,,,,,,,,
begin_group,pop20,Population 20,,false,,,(${kobo_tabular} = 'kobo' and ${kobo_tabular} != 'tabular') or ${kobo_tabular} = '' and ${n_extant_populations} >= 20,,,
text,Name_pop20,Population 20 name,"If a name has not been assigned to this population in literature, please provide your own unique name here.",true,,,${n_extant_populations} >= 20,,,
select_one vw6md17,Origin_pop20,What is the origin of population 20?,"You can provide details in the comments section for this population, if needed.",false,,,${n_extant_populations} >= 20,,,
text,IntroductionYear_pop20,"When was the population introduced, translocated, re-introduced or re-inforced?",,false,,,${Origin_pop20} = 'introduced' or ${Origin_pop20} = 'reintroduced' or ${Origin_pop20} = 'supplemented',,,
decimal,Ne_pop20,What is the effective population size (Ne) for population 20? (POINT ESTIMATE),"If you have a confidence interval include it in next questions. If Ne is not known for this population, type -999",true,,"the Ne can't be negative, and only -999 is accepted if the Ne is not avilable (NA)",${ne_pops_exists} = 'ne_available',. = -999 or . > 0,,
decimal,NeLower_pop20,"If available, which is the lower limit of the Ne confidence interval for population 20?","If not available, type -999",false,,Ne lower bound can't be negative and has to be lower than Ne. Only -999 is accepted if this value is unknown (NA),${Ne_pop20} != -999 and ${Ne_pop20} != '',(. = -999  or . > 0) and . <= ${Ne_pop20},,
decimal,NeUpper_pop20,"If available, which is the upper limit of the Ne confidence interval for population 20?","If not available, type -999. If infinite, type 999 999 999",false,,Ne upper bound can't be negative and has to be larger than Ne. Only -999 is accepted if this value is unknown (NA),${Ne_pop20} != -999 and ${Ne_pop20} != '',(. = -999 or . > 0) and (. = -999 or . >= ${Ne_pop20} ),,"If the Ne estimate is infinity please use ""999,999,999"" (make sure you use 9 times the number 9)."
text,NeYear_pop20,In what year was the data used to estimate Ne collected for population 20?,"Please state the year when the sampling was done, not when it was published.",true,,,${Ne_pop20} != -999 and ${Ne_pop20} != '',,,
select_one dp0ro30,GeneticMarkers_pop20,What genetic markers were used to estimate Ne for THIS population?,,true,,,${Ne_pop20} != -999 and ${Ne_pop20} != '',,,
text,GeneticMarkersOther_pop20,"If 'Other', please explain.",,false,,,${GeneticMarkers_pop20} = 'other',,,
select_one ry7lu40,MethodNe_pop20,What method was used in calculating Ne for THIS population?,,true,,,${Ne_pop20} != -999 and ${Ne_pop20} != '',,,
text,SourceNe_pop20,Please list all relevant sources reporting on effective population size for THIS population,Please separate each source using a semicolon (;).,true,multiline,,${Ne_pop20} != -999 and ${Ne_pop20} != '',,,
select_one tw2mv60,transboundary_pop20,Is THIS population part of a transboundary population?,"Transboundary refers to its existence in one or more countries, moving across oceans, being migratory, etc.",false,,,${n_extant_populations} >= 20 and ${nc_pops_exists} = 'yes',,,
integer,percent_pop20,What percentage of THIS population is in South Africa?,Please record a number between 0-100 (use whole numbers). Enter -999 if the percentage is unknown and cannot be estimated.,false,,,${transboundary_pop20} = 'yes_transboundary',,,
select_one wt5id91,whole_or_part_pop20,"Is the census size estimated for the population as a whole (i.e., across all transboundary countries) or only for the portion within South Africa?",,false,,,${transboundary_pop20} = 'yes_transboundary',,,
select_one uz6tk65,NcType_pop20,"If there is a census population size (Nc) available, is this a range or point estimate?",,true,,,${nc_pops_exists} = 'yes',,,
text,NcYear_pop20,In what year was the Nc estimated for population 20?,"Please state the year when the sampling was done, not when it was published",false,,,${NcType_pop20} != 'unknown',,,
select_one ed5dt93,NcMethod_pop20,How was Nc calculated in THIS population?,,true,,,${nc_pops_exists} = 'yes' and ${NcType_pop20} != 'unknown',,,
select_one gn04r19,NcRange_pop20,Whats the range of the Nc for population 20?,,true,,,${NcType_pop20} = 'Nc_range',,,
text,NcRangeDetails_pop20,If a more detailed range is available please enter it here.,,false,,,${NcRange_pop20} != '' or ${NcType_pop20} = 'Nc_range',,,
integer,NcPoint_pop20,"If known, what is the census population size (Nc) for population 20? (POINT ESTIMATE)",If you have a confidence interval include it in next questions.,true,,"the Nc can't be negative, and only -999 is accepted if the Nc is not avilable (NA)",${NcType_pop20} = 'Nc_point',. = -999 or . > 0,,
decimal,NcLower_pop20,"If available, which is the LOWER limit of the Nc confidence interval for population 20?","This should be the lower value of the 95% Confidence Interval. If that is unavailable, leave this question blank and please record the confidence interval used (e.g. 90%) in the 'ANY ADDITIONAL COMMENTS OR NOTES' question at the end of the Section.",false,,the lower Nc limit can't be negative and has to be lower than the Nc. Only -999 is accepted if this value is unknown (NA),${NcPoint_pop20} != '',(. = -999 or . > 0) and . < ${NcPoint_pop20},,
decimal,NcUpper_pop20,"If available, which is the UPPER limit of the Nc confidence interval for population 20?","This should be the upper value of the 95% Confidence Interval. If that is unavailable, please record the confidence interval used (e.g. 90%) in the 'ANY ADDITIONAL COMMENTS OR NOTES' question at the end of the Section.",false,,the upper Nc limit can't be negative and has to be larger than the Nc. Only -999 is accepted if this value is unknown (NA),${NcPoint_pop20} != '',(. = -999 or. > 0) and (. = -999 or . > ${NcPoint_pop20}),,
text,SourceNc_pop20,"Please list all relevant sources of census size information (literature reference, website link, expert consultation) for THIS population",Please separate sources using a semicolon (;),true,multiline,,${nc_pops_exists} = 'yes' and ${NcType_pop20} != 'unknown',,,
text,Comments_pop20,Any additional comments or notes regarding the information that has been provided or why it could not be for population 20?,,false,,,${n_extant_populations} >= 20,,,
end_group,,,,,,,,,,
begin_group,pop21,Population 21,,false,,,(${kobo_tabular} = 'kobo' and ${kobo_tabular} != 'tabular') or ${kobo_tabular} = '' and ${n_extant_populations} >= 21,,,
text,Name_pop21,Population 21 name,"If a name has not been assigned to this population in literature, please provide your own unique name here.",true,,,${n_extant_populations} >= 21,,,
select_one vw6md17,Origin_pop21,What is the origin of population 21?,"You can provide details in the comments section for this population, if needed.",false,,,${n_extant_populations} >= 21,,,
text,IntroductionYear_pop21,"When was the population introduced, translocated, re-introduced or re-inforced?",,false,,,${Origin_pop21} = 'introduced' or ${Origin_pop21} = 'reintroduced' or ${Origin_pop21} = 'supplemented',,,
decimal,Ne_pop21,What is the effective population size (Ne) for population 21? (POINT ESTIMATE),"If you have a confidence interval include it in next questions. If Ne is not known for this population, type -999",true,,"the Ne can't be negative, and only -999 is accepted if the Ne is not avilable (NA)",${ne_pops_exists} = 'ne_available',. = -999 or . > 0,,
decimal,NeLower_pop21,"If available, which is the lower limit of the Ne confidence interval for population 21?","If not available, type -999",false,,Ne lower bound can't be negative and has to be lower than Ne. Only -999 is accepted if this value is unknown (NA),${Ne_pop21} != -999 and ${Ne_pop21} != '',(. = -999  or . > 0) and . <= ${Ne_pop21},,
decimal,NeUpper_pop21,"If available, which is the upper limit of the Ne confidence interval for population 21?","If not available, type -999. If infinite, type 999 999 999",false,,Ne upper bound can't be negative and has to be larger than Ne. Only -999 is accepted if this value is unknown (NA),${Ne_pop21} != -999 and ${Ne_pop21} != '',(. = -999 or . > 0) and (. = -999 or . >= ${Ne_pop21} ),,"If the Ne estimate is infinity please use ""999,999,999"" (make sure you use 9 times the number 9)."
text,NeYear_pop21,In what year was the data used to estimate Ne collected for population 21?,"Please state the year when the sampling was done, not when it was published.",true,,,${Ne_pop21} != -999 and ${Ne_pop21} != '',,,
select_one dp0ro30,GeneticMarkers_pop21,What genetic markers were used to estimate Ne for THIS population?,,true,,,${Ne_pop21} != -999 and ${Ne_pop21} != '',,,
text,GeneticMarkersOther_pop21,"If 'Other', please explain.",,false,,,${GeneticMarkers_pop21} = 'other',,,
select_one ry7lu40,MethodNe_pop21,What method was used in calculating Ne for THIS population?,,true,,,${Ne_pop21} != -999 and ${Ne_pop21} != '',,,
text,SourceNe_pop21,Please list all relevant sources reporting on effective population size for THIS population,Please separate each source using a semicolon (;).,true,multiline,,${Ne_pop21} != -999 and ${Ne_pop21} != '',,,
select_one tw2mv60,transboundary_pop21,Is THIS population part of a transboundary population?,"Transboundary refers to its existence in one or more countries, moving across oceans, being migratory, etc.",false,,,${n_extant_populations} >= 21 and ${nc_pops_exists} = 'yes',,,
integer,percent_pop21,What percentage of THIS population is in South Africa?,Please record a number between 0-100 (use whole numbers). Enter -999 if the percentage is unknown and cannot be estimated.,false,,,${transboundary_pop21} = 'yes_transboundary',,,
select_one wt5id91,whole_or_part_pop21,"Is the census size estimated for the population as a whole (i.e., across all transboundary countries) or only for the portion within South Africa?",,false,,,${transboundary_pop21} = 'yes_transboundary',,,
select_one uz6tk65,NcType_pop21,"If there is a census population size (Nc) available, is this a range or point estimate?",,true,,,${nc_pops_exists} = 'yes',,,
text,NcYear_pop21,In what year was the Nc estimated for population 21?,"Please state the year when the sampling was done, not when it was published",false,,,${NcType_pop21} != 'unknown',,,
select_one ed5dt93,NcMethod_pop21,How was Nc calculated in THIS population?,,true,,,${nc_pops_exists} = 'yes' and ${NcType_pop21} != 'unknown',,,
select_one gn04r19,NcRange_pop21,Whats the range of the Nc for population 21?,,true,,,${NcType_pop21} = 'Nc_range',,,
text,NcRangeDetails_pop21,If a more detailed range is available please enter it here.,,false,,,${NcRange_pop21} != '' or ${NcType_pop21} = 'Nc_range',,,
integer,NcPoint_pop21,"If known, what is the census population size (Nc) for population 21? (POINT ESTIMATE)",If you have a confidence interval include it in next questions.,true,,"the Nc can't be negative, and only -999 is accepted if the Nc is not avilable (NA)",${NcType_pop21} = 'Nc_point',. = -999 or . > 0,,
decimal,NcLower_pop21,"If available, which is the LOWER limit of the Nc confidence interval for population 21?","This should be the lower value of the 95% Confidence Interval. If that is unavailable, leave this question blank and please record the confidence interval used (e.g. 90%) in the 'ANY ADDITIONAL COMMENTS OR NOTES' question at the end of the Section.",false,,the lower Nc limit can't be negative and has to be lower than the Nc. Only -999 is accepted if this value is unknown (NA),${NcPoint_pop21} != '',(. = -999 or . > 0) and . < ${NcPoint_pop21},,
decimal,NcUpper_pop21,"If available, which is the UPPER limit of the Nc confidence interval for population 21?","This should be the upper value of the 95% Confidence Interval. If that is unavailable, please record the confidence interval used (e.g. 90%) in the 'ANY ADDITIONAL COMMENTS OR NOTES' question at the end of the Section.",false,,the upper Nc limit can't be negative and has to be larger than the Nc. Only -999 is accepted if this value is unknown (NA),${NcPoint_pop21} != '',(. = -999 or. > 0) and (. = -999 or . > ${NcPoint_pop21}),,
text,SourceNc_pop21,"Please list all relevant sources of census size information (literature reference, website link, expert consultation) for THIS population",Please separate sources using a semicolon (;),true,multiline,,${nc_pops_exists} = 'yes' and ${NcType_pop21} != 'unknown',,,
text,Comments_pop21,Any additional comments or notes regarding the information that has been provided or why it could not be for population 21?,,false,,,${n_extant_populations} >= 21,,,
end_group,,,,,,,,,,
begin_group,pop22,Population 22,,false,,,(${kobo_tabular} = 'kobo' and ${kobo_tabular} != 'tabular') or ${kobo_tabular} = '' and ${n_extant_populations} >= 22,,,
text,Name_pop22,Population 22 name,"If a name has not been assigned to this population in literature, please provide your own unique name here.",true,,,${n_extant_populations} >= 22,,,
select_one vw6md17,Origin_pop22,What is the origin of population 22?,"You can provide details in the comments section for this population, if needed.",false,,,${n_extant_populations} >= 22,,,
text,IntroductionYear_pop22,"When was the population introduced, translocated, re-introduced or re-inforced?",,false,,,${Origin_pop22} = 'introduced' or ${Origin_pop22} = 'reintroduced' or ${Origin_pop22} = 'supplemented',,,
decimal,Ne_pop22,What is the effective population size (Ne) for population 22? (POINT ESTIMATE),"If you have a confidence interval include it in next questions. If Ne is not known for this population, type -999",true,,"the Ne can't be negative, and only -999 is accepted if the Ne is not avilable (NA)",${ne_pops_exists} = 'ne_available',. = -999 or . > 0,,
decimal,NeLower_pop22,"If available, which is the lower limit of the Ne confidence interval for population 22?","If not available, type -999",false,,Ne lower bound can't be negative and has to be lower than Ne. Only -999 is accepted if this value is unknown (NA),${Ne_pop22} != -999 and ${Ne_pop22} != '',(. = -999  or . > 0) and . <= ${Ne_pop22},,
decimal,NeUpper_pop22,"If available, which is the upper limit of the Ne confidence interval for population 22?","If not available, type -999. If infinite, type 999 999 999",false,,Ne upper bound can't be negative and has to be larger than Ne. Only -999 is accepted if this value is unknown (NA),${Ne_pop22} != -999 and ${Ne_pop22} != '',(. = -999 or . > 0) and (. = -999 or . >= ${Ne_pop22} ),,"If the Ne estimate is infinity please use ""999,999,999"" (make sure you use 9 times the number 9)."
text,NeYear_pop22,In what year was the data used to estimate Ne collected for population 22?,"Please state the year when the sampling was done, not when it was published.",true,,,${Ne_pop22} != -999 and ${Ne_pop22} != '',,,
select_one dp0ro30,GeneticMarkers_pop22,What genetic markers were used to estimate Ne for THIS population?,,true,,,${Ne_pop22} != -999 and ${Ne_pop22} != '',,,
text,GeneticMarkersOther_pop22,"If 'Other', please explain.",,false,,,${GeneticMarkers_pop22} = 'other',,,
select_one ry7lu40,MethodNe_pop22,What method was used in calculating Ne for THIS population?,,true,,,${Ne_pop22} != -999 and ${Ne_pop22} != '',,,
text,SourceNe_pop22,Please list all relevant sources reporting on effective population size for THIS population,Please separate each source using a semicolon (;).,true,multiline,,${Ne_pop22} != -999 and ${Ne_pop22} != '',,,
select_one tw2mv60,transboundary_pop22,Is THIS population part of a transboundary population?,"Transboundary refers to its existence in one or more countries, moving across oceans, being migratory, etc.",false,,,${n_extant_populations} >= 22 and ${nc_pops_exists} = 'yes',,,
integer,percent_pop22,What percentage of THIS population is in South Africa?,Please record a number between 0-100 (use whole numbers). Enter -999 if the percentage is unknown and cannot be estimated.,false,,,${transboundary_pop22} = 'yes_transboundary',,,
select_one wt5id91,whole_or_part_pop22,"Is the census size estimated for the population as a whole (i.e., across all transboundary countries) or only for the portion within South Africa?",,false,,,${transboundary_pop22} = 'yes_transboundary',,,
select_one uz6tk65,NcType_pop22,"If there is a census population size (Nc) available, is this a range or point estimate?",,true,,,${nc_pops_exists} = 'yes',,,
text,NcYear_pop22,In what year was the Nc estimated for population 22?,"Please state the year when the sampling was done, not when it was published",false,,,${NcType_pop22} != 'unknown',,,
select_one ed5dt93,NcMethod_pop22,How was Nc calculated in THIS population?,,true,,,${nc_pops_exists} = 'yes' and ${NcType_pop22} != 'unknown',,,
select_one gn04r19,NcRange_pop22,Whats the range of the Nc for population 22?,,true,,,${NcType_pop22} = 'Nc_range',,,
text,NcRangeDetails_pop22,If a more detailed range is available please enter it here.,,false,,,${NcRange_pop22} != '' or ${NcType_pop22} = 'Nc_range',,,
integer,NcPoint_pop22,"If known, what is the census population size (Nc) for population 22? (POINT ESTIMATE)",If you have a confidence interval include it in next questions.,true,,"the Nc can't be negative, and only -999 is accepted if the Nc is not avilable (NA)",${NcType_pop22} = 'Nc_point',. = -999 or . > 0,,
decimal,NcLower_pop22,"If available, which is the LOWER limit of the Nc confidence interval for population 22?","This should be the lower value of the 95% Confidence Interval. If that is unavailable, leave this question blank and please record the confidence interval used (e.g. 90%) in the 'ANY ADDITIONAL COMMENTS OR NOTES' question at the end of the Section.",false,,the lower Nc limit can't be negative and has to be lower than the Nc. Only -999 is accepted if this value is unknown (NA),${NcPoint_pop22} != '',(. = -999 or . > 0) and . < ${NcPoint_pop22},,
decimal,NcUpper_pop22,"If available, which is the UPPER limit of the Nc confidence interval for population 22?","This should be the upper value of the 95% Confidence Interval. If that is unavailable, please record the confidence interval used (e.g. 90%) in the 'ANY ADDITIONAL COMMENTS OR NOTES' question at the end of the Section.",false,,the upper Nc limit can't be negative and has to be larger than the Nc. Only -999 is accepted if this value is unknown (NA),${NcPoint_pop22} != '',(. = -999 or. > 0) and (. = -999 or . > ${NcPoint_pop22}),,
text,SourceNc_pop22,"Please list all relevant sources of census size information (literature reference, website link, expert consultation) for THIS population",Please separate sources using a semicolon (;),true,multiline,,${nc_pops_exists} = 'yes' and ${NcType_pop22} != 'unknown',,,
text,Comments_pop22,Any additional comments or notes regarding the information that has been provided or why it could not be for population 22?,,false,,,${n_extant_populations} >= 22,,,
end_group,,,,,,,,,,
begin_group,pop23,Population 23,,false,,,(${kobo_tabular} = 'kobo' and ${kobo_tabular} != 'tabular') or ${kobo_tabular} = '' and ${n_extant_populations} >= 23,,,
text,Name_pop23,Population 23 name,"If a name has not been assigned to this population in literature, please provide your own unique name here.",true,,,${n_extant_populations} >= 23,,,
select_one vw6md17,Origin_pop23,What is the origin of population 23?,"You can provide details in the comments section for this population, if needed.",false,,,${n_extant_populations} >= 23,,,
text,IntroductionYear_pop23,"When was the population introduced, translocated, re-introduced or re-inforced?",,false,,,${Origin_pop23} = 'introduced' or ${Origin_pop23} = 'reintroduced' or ${Origin_pop23} = 'supplemented',,,
decimal,Ne_pop23,What is the effective population size (Ne) for population 23? (POINT ESTIMATE),"If you have a confidence interval include it in next questions. If Ne is not known for this population, type -999",true,,"the Ne can't be negative, and only -999 is accepted if the Ne is not avilable (NA)",${ne_pops_exists} = 'ne_available',. = -999 or . > 0,,
decimal,NeLower_pop23,"If available, which is the lower limit of the Ne confidence interval for population 23?","If not available, type -999",false,,Ne lower bound can't be negative and has to be lower than Ne. Only -999 is accepted if this value is unknown (NA),${Ne_pop23} != -999 and ${Ne_pop23} != '',(. = -999  or . > 0) and . <= ${Ne_pop23},,
decimal,NeUpper_pop23,"If available, which is the upper limit of the Ne confidence interval for population 23?","If not available, type -999. If infinite, type 999 999 999",false,,Ne upper bound can't be negative and has to be larger than Ne. Only -999 is accepted if this value is unknown (NA),${Ne_pop23} != -999 and ${Ne_pop23} != '',(. = -999 or . > 0) and (. = -999 or . >= ${Ne_pop23} ),,"If the Ne estimate is infinity please use ""999,999,999"" (make sure you use 9 times the number 9)."
text,NeYear_pop23,In what year was the data used to estimate Ne collected for population 23?,"Please state the year when the sampling was done, not when it was published.",true,,,${Ne_pop23} != -999 and ${Ne_pop23} != '',,,
select_one dp0ro30,GeneticMarkers_pop23,What genetic markers were used to estimate Ne for THIS population?,,true,,,${Ne_pop23} != -999 and ${Ne_pop23} != '',,,
text,GeneticMarkersOther_pop23,"If 'Other', please explain.",,false,,,${GeneticMarkers_pop23} = 'other',,,
select_one ry7lu40,MethodNe_pop23,What method was used in calculating Ne for THIS population?,,true,,,${Ne_pop23} != -999 and ${Ne_pop23} != '',,,
text,SourceNe_pop23,Please list all relevant sources reporting on effective population size for THIS population,Please separate each source using a semicolon (;).,true,multiline,,${Ne_pop23} != -999 and ${Ne_pop23} != '',,,
select_one tw2mv60,transboundary_pop23,Is THIS population part of a transboundary population?,"Transboundary refers to its existence in one or more countries, moving across oceans, being migratory, etc.",false,,,${n_extant_populations} >= 23 and ${nc_pops_exists} = 'yes',,,
integer,percent_pop23,What percentage of THIS population is in South Africa?,Please record a number between 0-100 (use whole numbers). Enter -999 if the percentage is unknown and cannot be estimated.,false,,,${transboundary_pop23} = 'yes_transboundary',,,
select_one wt5id91,whole_or_part_pop23,"Is the census size estimated for the population as a whole (i.e., across all transboundary countries) or only for the portion within South Africa?",,false,,,${transboundary_pop23} = 'yes_transboundary',,,
select_one uz6tk65,NcType_pop23,"If there is a census population size (Nc) available, is this a range or point estimate?",,true,,,${nc_pops_exists} = 'yes',,,
text,NcYear_pop23,In what year was the Nc estimated for population 23?,"Please state the year when the sampling was done, not when it was published",false,,,${NcType_pop23} != 'unknown',,,
select_one ed5dt93,NcMethod_pop23,How was Nc calculated in THIS population?,,true,,,${nc_pops_exists} = 'yes' and ${NcType_pop23} != 'unknown',,,
select_one gn04r19,NcRange_pop23,Whats the range of the Nc for population 23?,,true,,,${NcType_pop23} = 'Nc_range',,,
text,NcRangeDetails_pop23,If a more detailed range is available please enter it here.,,false,,,${NcRange_pop23} != '' or ${NcType_pop23} = 'Nc_range',,,
integer,NcPoint_pop23,"If known, what is the census population size (Nc) for population 23? (POINT ESTIMATE)",If you have a confidence interval include it in next questions.,true,,"the Nc can't be negative, and only -999 is accepted if the Nc is not avilable (NA)",${NcType_pop23} = 'Nc_point',. = -999 or . > 0,,
decimal,NcLower_pop23,"If available, which is the LOWER limit of the Nc confidence interval for population 23?","This should be the lower value of the 95% Confidence Interval. If that is unavailable, leave this question blank and please record the confidence interval used (e.g. 90%) in the 'ANY ADDITIONAL COMMENTS OR NOTES' question at the end of the Section.",false,,the lower Nc limit can't be negative and has to be lower than the Nc. Only -999 is accepted if this value is unknown (NA),${NcPoint_pop23} != '',(. = -999 or . > 0) and . < ${NcPoint_pop23},,
decimal,NcUpper_pop23,"If available, which is the UPPER limit of the Nc confidence interval for population 23?","This should be the upper value of the 95% Confidence Interval. If that is unavailable, please record the confidence interval used (e.g. 90%) in the 'ANY ADDITIONAL COMMENTS OR NOTES' question at the end of the Section.",false,,the upper Nc limit can't be negative and has to be larger than the Nc. Only -999 is accepted if this value is unknown (NA),${NcPoint_pop23} != '',(. = -999 or. > 0) and (. = -999 or . > ${NcPoint_pop23}),,
text,SourceNc_pop23,"Please list all relevant sources of census size information (literature reference, website link, expert consultation) for THIS population",Please separate sources using a semicolon (;),true,multiline,,${nc_pops_exists} = 'yes' and ${NcType_pop23} != 'unknown',,,
text,Comments_pop23,Any additional comments or notes regarding the information that has been provided or why it could not be for population 23?,,false,,,${n_extant_populations} >= 23,,,
end_group,,,,,,,,,,
begin_group,pop24,Population 24,,false,,,(${kobo_tabular} = 'kobo' and ${kobo_tabular} != 'tabular') or ${kobo_tabular} = '' and ${n_extant_populations} >= 24,,,
text,Name_pop24,Population 24 name,"If a name has not been assigned to this population in literature, please provide your own unique name here.",true,,,${n_extant_populations} >= 24,,,
select_one vw6md17,Origin_pop24,What is the origin of population 24?,"You can provide details in the comments section for this population, if needed.",false,,,${n_extant_populations} >= 24,,,
text,IntroductionYear_pop24,"When was the population introduced, translocated, re-introduced or re-inforced?",,false,,,${Origin_pop24} = 'introduced' or ${Origin_pop24} = 'reintroduced' or ${Origin_pop24} = 'supplemented',,,
decimal,Ne_pop24,What is the effective population size (Ne) for population 24? (POINT ESTIMATE),"If you have a confidence interval include it in next questions. If Ne is not known for this population, type -999",true,,"the Ne can't be negative, and only -999 is accepted if the Ne is not avilable (NA)",${ne_pops_exists} = 'ne_available',. = -999 or . > 0,,
decimal,NeLower_pop24,"If available, which is the lower limit of the Ne confidence interval for population 24?","If not available, type -999",false,,Ne lower bound can't be negative and has to be lower than Ne. Only -999 is accepted if this value is unknown (NA),${Ne_pop24} != -999 and ${Ne_pop24} != '',(. = -999  or . > 0) and . <= ${Ne_pop24},,
decimal,NeUpper_pop24,"If available, which is the upper limit of the Ne confidence interval for population 24?","If not available, type -999. If infinite, type 999 999 999",false,,Ne upper bound can't be negative and has to be larger than Ne. Only -999 is accepted if this value is unknown (NA),${Ne_pop24} != -999 and ${Ne_pop24} != '',(. = -999 or . > 0) and (. = -999 or . >= ${Ne_pop24} ),,"If the Ne estimate is infinity please use ""999,999,999"" (make sure you use 9 times the number 9)."
text,NeYear_pop24,In what year was the data used to estimate Ne collected for population 24?,"Please state the year when the sampling was done, not when it was published.",true,,,${Ne_pop24} != -999 and ${Ne_pop24} != '',,,
select_one dp0ro30,GeneticMarkers_pop24,What genetic markers were used to estimate Ne for THIS population?,,true,,,${Ne_pop24} != -999 and ${Ne_pop24} != '',,,
text,GeneticMarkersOther_pop24,"If 'Other', please explain.",,false,,,${GeneticMarkers_pop24} = 'other',,,
select_one ry7lu40,MethodNe_pop24,What method was used in calculating Ne for THIS population?,,true,,,${Ne_pop24} != -999 and ${Ne_pop24} != '',,,
text,SourceNe_pop24,Please list all relevant sources reporting on effective population size for THIS population,Please separate each source using a semicolon (;).,true,multiline,,${Ne_pop24} != -999 and ${Ne_pop24} != '',,,
select_one tw2mv60,transboundary_pop24,Is THIS population part of a transboundary population?,"Transboundary refers to its existence in one or more countries, moving across oceans, being migratory, etc.",false,,,${n_extant_populations} >= 24 and ${nc_pops_exists} = 'yes',,,
integer,percent_pop24,What percentage of THIS population is in South Africa?,Please record a number between 0-100 (use whole numbers). Enter -999 if the percentage is unknown and cannot be estimated.,false,,,${transboundary_pop24} = 'yes_transboundary',,,
select_one wt5id91,whole_or_part_pop24,"Is the census size estimated for the population as a whole (i.e., across all transboundary countries) or only for the portion within South Africa?",,false,,,${transboundary_pop24} = 'yes_transboundary',,,
select_one uz6tk65,NcType_pop24,"If there is a census population size (Nc) available, is this a range or point estimate?",,true,,,${nc_pops_exists} = 'yes',,,
text,NcYear_pop24,In what year was the Nc estimated for population 24?,"Please state the year when the sampling was done, not when it was published",false,,,${NcType_pop24} != 'unknown',,,
select_one ed5dt93,NcMethod_pop24,How was Nc calculated in THIS population?,,true,,,${nc_pops_exists} = 'yes' and ${NcType_pop24} != 'unknown',,,
select_one gn04r19,NcRange_pop24,Whats the range of the Nc for population 24?,,true,,,${NcType_pop24} = 'Nc_range',,,
text,NcRangeDetails_pop24,If a more detailed range is available please enter it here.,,false,,,${NcRange_pop24} != '' or ${NcType_pop24} = 'Nc_range',,,
integer,NcPoint_pop24,"If known, what is the census population size (Nc) for population 24? (POINT ESTIMATE)",If you have a confidence interval include it in next questions.,true,,"the Nc can't be negative, and only -999 is accepted if the Nc is not avilable (NA)",${NcType_pop24} = 'Nc_point',. = -999 or . > 0,,
decimal,NcLower_pop24,"If available, which is the LOWER limit of the Nc confidence interval for population 24?","This should be the lower value of the 95% Confidence Interval. If that is unavailable, leave this question blank and please record the confidence interval used (e.g. 90%) in the 'ANY ADDITIONAL COMMENTS OR NOTES' question at the end of the Section.",false,,the lower Nc limit can't be negative and has to be lower than the Nc. Only -999 is accepted if this value is unknown (NA),${NcPoint_pop24} != '',(. = -999 or . > 0) and . < ${NcPoint_pop24},,
decimal,NcUpper_pop24,"If available, which is the UPPER limit of the Nc confidence interval for population 24?","This should be the upper value of the 95% Confidence Interval. If that is unavailable, please record the confidence interval used (e.g. 90%) in the 'ANY ADDITIONAL COMMENTS OR NOTES' question at the end of the Section.",false,,the upper Nc limit can't be negative and has to be larger than the Nc. Only -999 is accepted if this value is unknown (NA),${NcPoint_pop24} != '',(. = -999 or. > 0) and (. = -999 or . > ${NcPoint_pop24}),,
text,SourceNc_pop24,"Please list all relevant sources of census size information (literature reference, website link, expert consultation) for THIS population",Please separate sources using a semicolon (;),true,multiline,,${nc_pops_exists} = 'yes' and ${NcType_pop24} != 'unknown',,,
text,Comments_pop24,Any additional comments or notes regarding the information that has been provided or why it could not be for population 24?,,false,,,${n_extant_populations} >= 24,,,
end_group,,,,,,,,,,
begin_group,pop25,Population 25,,false,,,(${kobo_tabular} = 'kobo' and ${kobo_tabular} != 'tabular') or ${kobo_tabular} = '' and ${n_extant_populations} >= 25,,,
text,Name_pop25,Population 25 name,"If a name has not been assigned to this population in literature, please provide your own unique name here.",true,,,${n_extant_populations} >= 25,,,
select_one vw6md17,Origin_pop25,What is the origin of population 25?,"You can provide details in the comments section for this population, if needed.",false,,,${n_extant_populations} >= 25,,,
text,IntroductionYear_pop25,"When was the population introduced, translocated, re-introduced or re-inforced?",,false,,,${Origin_pop25} = 'introduced' or ${Origin_pop25} = 'reintroduced' or ${Origin_pop25} = 'supplemented',,,
decimal,Ne_pop25,What is the effective population size (Ne) for population 25? (POINT ESTIMATE),"If you have a confidence interval include it in next questions. If Ne is not known for this population, type -999",true,,"the Ne can't be negative, and only -999 is accepted if the Ne is not avilable (NA)",${ne_pops_exists} = 'ne_available',. = -999 or . > 0,,
decimal,NeLower_pop25,"If available, which is the lower limit of the Ne confidence interval for population 25?","If not available, type -999",false,,Ne lower bound can't be negative and has to be lower than Ne. Only -999 is accepted if this value is unknown (NA),${Ne_pop25} != -999 and ${Ne_pop25} != '',(. = -999  or . > 0) and . <= ${Ne_pop25},,
decimal,NeUpper_pop25,"If available, which is the upper limit of the Ne confidence interval for population 25?","If not available, type -999. If infinite, type 999 999 999",false,,Ne upper bound can't be negative and has to be larger than Ne. Only -999 is accepted if this value is unknown (NA),${Ne_pop25} != -999 and ${Ne_pop25} != '',(. = -999 or . > 0) and (. = -999 or . >= ${Ne_pop25} ),,"If the Ne estimate is infinity please use ""999,999,999"" (make sure you use 9 times the number 9)."
text,NeYear_pop25,In what year was the data used to estimate Ne collected for population 25?,"Please state the year when the sampling was done, not when it was published.",true,,,${Ne_pop25} != -999 and ${Ne_pop25} != '',,,
select_one dp0ro30,GeneticMarkers_pop25,What genetic markers were used to estimate Ne for THIS population?,,true,,,${Ne_pop25} != -999 and ${Ne_pop25} != '',,,
text,GeneticMarkersOther_pop25,"If 'Other', please explain.",,false,,,${GeneticMarkers_pop25} = 'other',,,
select_one ry7lu40,MethodNe_pop25,What method was used in calculating Ne for THIS population?,,true,,,${Ne_pop25} != -999 and ${Ne_pop25} != '',,,
text,SourceNe_pop25,Please list all relevant sources reporting on effective population size for THIS population,Please separate each source using a semicolon (;).,true,multiline,,${Ne_pop25} != -999 and ${Ne_pop25} != '',,,
select_one tw2mv60,transboundary_pop25,Is THIS population part of a transboundary population?,"Transboundary refers to its existence in one or more countries, moving across oceans, being migratory, etc.",false,,,${n_extant_populations} >= 25 and ${nc_pops_exists} = 'yes',,,
integer,percent_pop25,What percentage of THIS population is in South Africa?,Please record a number between 0-100 (use whole numbers). Enter -999 if the percentage is unknown and cannot be estimated.,false,,,${transboundary_pop25} = 'yes_transboundary',,,
select_one wt5id91,whole_or_part_pop25,"Is the census size estimated for the population as a whole (i.e., across all transboundary countries) or only for the portion within South Africa?",,false,,,${transboundary_pop25} = 'yes_transboundary',,,
select_one uz6tk65,NcType_pop25,"If there is a census population size (Nc) available, is this a range or point estimate?",,true,,,${nc_pops_exists} = 'yes',,,
text,NcYear_pop25,In what year was the Nc estimated for population 25?,"Please state the year when the sampling was done, not when it was published",false,,,${NcType_pop25} != 'unknown',,,
select_one ed5dt93,NcMethod_pop25,How was Nc calculated in THIS population?,,true,,,${nc_pops_exists} = 'yes' and ${NcType_pop25} != 'unknown',,,
select_one gn04r19,NcRange_pop25,Whats the range of the Nc for population 25?,,true,,,${NcType_pop25} = 'Nc_range',,,
text,NcRangeDetails_pop25,If a more detailed range is available please enter it here.,,false,,,${NcRange_pop25} != '' or ${NcType_pop25} = 'Nc_range',,,
integer,NcPoint_pop25,"If known, what is the census population size (Nc) for population 25? (POINT ESTIMATE)",If you have a confidence interval include it in next questions.,true,,"the Nc can't be negative, and only -999 is accepted if the Nc is not avilable (NA)",${NcType_pop25} = 'Nc_point',. = -999 or . > 0,,
decimal,NcLower_pop25,"If available, which is the LOWER limit of the Nc confidence interval for population 25?","This should be the lower value of the 95% Confidence Interval. If that is unavailable, leave this question blank and please record the confidence interval used (e.g. 90%) in the 'ANY ADDITIONAL COMMENTS OR NOTES' question at the end of the Section.",false,,the lower Nc limit can't be negative and has to be lower than the Nc. Only -999 is accepted if this value is unknown (NA),${NcPoint_pop25} != '',(. = -999 or . > 0) and . < ${NcPoint_pop25},,
decimal,NcUpper_pop25,"If available, which is the UPPER limit of the Nc confidence interval for population 25?","This should be the upper value of the 95% Confidence Interval. If that is unavailable, please record the confidence interval used (e.g. 90%) in the 'ANY ADDITIONAL COMMENTS OR NOTES' question at the end of the Section.",false,,the upper Nc limit can't be negative and has to be larger than the Nc. Only -999 is accepted if this value is unknown (NA),${NcPoint_pop25} != '',(. = -999 or. > 0) and (. = -999 or . > ${NcPoint_pop25}),,
text,SourceNc_pop25,"Please list all relevant sources of census size information (literature reference, website link, expert consultation) for THIS population",Please separate sources using a semicolon (;),true,multiline,,${nc_pops_exists} = 'yes' and ${NcType_pop25} != 'unknown',,,
text,Comments_pop25,Any additional comments or notes regarding the information that has been provided or why it could not be for population 25?,,false,,,${n_extant_populations} >= 25,,,
end_group,,,,,,,,,,
end_group,,,,,,,,,,
begin_group,section6,Section 6:  Ne data for the Entire Species Within South Africa when there is no population-level data,,false,,,${popsize_data} = 'data_for_species',,,
note,section6_note,This section should ONLY be completed if there is data on the number of individuals for the ENTIRE SPECIES; and SHOULD NOT be completed if individual population size data exists.,,false,,,,,,
select_one tz4yc72,national_endemic,Is this species a national endemic?,Occurs no where else other than South Africa,true,,,,,,
integer,sa_percent,What percentage of the species occurs in South Africa?,"Note: Occurs refers to where the individuals breed and/or spend the majority of their time. Please record a number between 0-100. If an approximate percentage cannot be estimated, enter -999.",false,,,${national_endemic} = 'no',,,
select_one wt5id91,sp_whole_or_part,"Is the census size estimated for the species as a whole (i.e., across all transboundary countries) or only for the portion within South Africa?",,false,,,${national_endemic} = 'no',,,
select_one uz6tk65,nc_type_sp, Is the census size available as a range or point estimate?,,true,,,,,,
select_one gn04r19,nc_range_sp,What is the range of Nc for the species?,,true,,,${nc_type_sp} = 'Nc_range',,,
text,nc_range_details_sp,"If a more detailed range is available, please enter it here.",,false,,,${nc_type_sp} = 'Nc_range',,,
integer,nc_point_sp,What is the census size (Nc) for the species? (POINT ESTIMATE),If you have a confidence interval include it in next questions. Leave blank if Nc was not quantitatively estimated.,true,,,${nc_type_sp} = 'Nc_point',,,
decimal,nc_lower_sp,"If available, which is the LOWER limit of the Nc confidence interval for the species?","This should be the lower value of the 95% Confidence Interval. If that is unavailable, please record the confidence interval used (e.g. 90%) in the 'ANY ADDITIONAL COMMENTS OR NOTES' question at the end of the Section.",false,,,${nc_point_sp} != '',,,
decimal,nc_upper_sp,"If available, which is the UPPER limit of the Nc confidence interval for the species?","This should be the upper value of the 95% Confidence Interval. If that is unavailable, please record the confidence interval used (e.g. 90%) in the 'ANY ADDITIONAL COMMENTS OR NOTES' question at the end of the Section.",false,,,${nc_point_sp} != '',,,
text,nc_year_sp,In what year was Nc estimated for the species?,"Please state the year when the sampling was done, not when it was published",true,,,,,,
select_one ed5dt93,Nc_method_sp,How was Nc calculated for the species?,,false,,,${nc_year_sp} != '',,,
text,source_nc,"Source of species census size information (literature reference, website link, expert consultation)","Please list all relevant sources used in acquiring the species information separated by a semi-colon (;). It is advised that all referenced documents are saved to a species specific folder in your personal records in case further consultation is required. If information was based on expert consultation, please provide name of expert(s).",true,multiline,,,,,
text,section6_comments,ANY ADDITIONAL COMMENTS OR NOTES with respect to the information provided in this Section.,"E.g.,  record the confidence interval used for the point estimate if not 95%.",false,,,,,,
end_group,,,,,,,,,,
begin_group,section7,Section 7: Genetic monitoring indicator,,false,,,,,,
note,section7_note,Questions in this section will contribute towards quantifying the genetic monitoring indicator - Number of species and populations in which genetic diversity is being monitored using DNA based methods. See [guidelines](https://ccgenetics.github.io/guidelines-genetic-diversity-indicators/docs/2\_Theoretical\_background/DNA-based-monitoring-indicator.html) for details,,false,,,,,,
select_one on0of03,gen_studies,Have genetic studies been conducted involving the species? See [guidelines](https://ccgenetics.github.io/guidelines-genetic-diversity-indicators/docs/7\_Glossary/Glossary.html#genetic-studies) for definitions,,true,,,,,,
select_one xv1ub68,temp_gen_monitoring,Has temporal genetic monitoring been conducted for one or more populations of this species?,A temporal comparison using at least two time points of various genetic diversity metrics for the species. See [guidelines](https://ccgenetics.github.io/guidelines-genetic-diversity-indicators/docs/7\_Glossary/Glossary.html#temporal-genetic-monitoring) for details,true,,,,,,
text,gen_monitoring_years,"If yes, what years did this take place?",,true,,,${temp_gen_monitoring} = 'yes',,,
text,source_genetic_studies,"Please cite all data sources for the genetic studies (literature reference, website link, expert consultation) separated by two colons (::).",,true,multiline,,${temp_gen_monitoring} = 'yes',,,
end_group,,,,,,,,,,
begin_group,section8,Section 8: Other Species Information,,false,,,,,,
note,section8_note,"While the answers to the questions in this section will not directly contribute to quantifying any of the genetic diversity indicators being investigated, they will help refine metrics, such as the Ne:Nc ratio, and provide contextual information on the type of species being assessed (e.g., threatened status, life history classifications) which could be informative to countries in their national reporting.",,false,,,,,,
select_one xe8jh68,sa_endemic,Is the species a national endemic?,"If the species is extinct, was if a national endemic?",false,,,${popsize_data} = 'insuff_data_species' or ${nc_pops_exists} = 'no' or ${ne_pops_exists} = 'ne_available',,,
select_multiple pr0df19,realm,Realm [see definition](https://ccgenetics.github.io/guidelines-genetic-diversity-indicators/docs/7\_Glossary/Glossary.html#realm),Select all that apply,true,,,,,,
select_multiple in8fv02,IUCN_habitat,IUCN Habitat Classification [see definition](https://ccgenetics.github.io/guidelines-genetic-diversity-indicators/docs/7\_Glossary/Glossary.html#iucn-habitat-classification),IUCN (2012) IUCN Habitat Classification Scheme. https://www.iucnredlist.org/resources/habitat-classification-scheme. Select all that apply.,true,,,,,,
text,other_habitat,Other habitat data,"Please feel free to elaborate further on the habitat (sub-types) of the species. E.g., Wetland may be broken down further into streams/rivers, and lakes,. Beaches fall under  Marine Intertidal.",false,,,,,,
select_one qh7wb89,species_range,Species Range [see definitions](https://ccgenetics.github.io/guidelines-genetic-diversity-indicators/docs/7\_Glossary/Glossary.html#species-range),"Wide-ranging: an EOO greater than 20 000 km2 (based on IUCN Criterion B1) or present in more than one-third of a country's 20-km grid squares (following Katayama et al. 2014 PLoSOne study).   Restricted: an EOO < 20 000 km2 or an AOO < 2 000 km2. A list of restricted species compiled using KBA criteria (i.e.IUCN Criteria B2) can be found online from https://www.keybiodiversityareas.org/working-with-kbas/proposing-updating/criteria-tools; however, it is recognized that not all restricted species will be included in this list.",true,,,,,,
select_one gz8fx05,rarity,Is the species rare? [see definitions](https://ccgenetics.github.io/guidelines-genetic-diversity-indicators/docs/7\_Glossary/Glossary.html#rare-species),Rare: Low densities of individuals: Species always occurs as single individuals or very small subpopulations (typically fewer than 50 mature individuals) scattered over a wide area,true,,,,,,
select_one hw2jd08,Previous_National_Red_List_Category,Previous National Red List Category,,true,,,,,,
select_one qw3oq58,Current_National_Red_List_Category,Current National Red List Category,,true,,,,,,
note,LIFE_HISTORY_TRAITS_d_specify_this_below,"LIFE HISTORY TRAITS -  The next few questions relate to life history traits which can be used to inform and refine Ne:Nc ratios. If life history data does not exist for the species being assessed, but does exist for a closely related species believed or known to have a similar lifestyle, PLEASE answer the life history questions for the close relative and specify this below..",,false,,,,,,
select_one kc7jl82,Life_History_trait_Breeding_Strategy,Life History trait - Breeding Strategy,,false,,,,,,
integer,Life_history_trait_life_span_in_years,Life history trait - Longevity (life span) in years,,false,,,,,,
integer,Life_History_Trait_tion_Length_in_years,Life History Trait - Generation Length in years,,false,,,,,,
integer,Life_History_Trait_Age_at_Maturity,Life History Trait - Age at Maturity ,,false,,,,,,
integer,Life_History_Trait_from_Age_of_Maturity,Life History Trait - Age at First Reproduction (maybe different from Age of Maturity),,false,,,,,,
select_one kt09b45,Life_History_Trait_Social_Structure,Life History Trait - Social Structure,,false,,,,,,
text,source_status_distribution,"Source of species status and distribution (literature reference, website link, expert consultation)","Please list all relevant sources used in acquiring the species information separated by a semicolon (;). It is advised that all referenced documents are saved to a species specific folder in your personal records in case further consultation is required. If information was based on expert consultation, please provide name of expert(s).",true,multiline,,,,,
end_group,,,,,,,,,,
